,artist_name,track_name,track_id,popularity
0,Gunna,pushin P (feat. Young Thug),3XOalgusokruzA5ZBA2Qcb,93
1,Staylon,New Year 2022,3MyVTR0UPNcxoVU8tzUwPL,24
2,DJ Snake,U Are My High,4db4crB87tyZ9ExtEoxgVc,6
3,Years & Years,King,24EBedIvlpxLoVlxo8g7Ui,0
4,Juice WRLD,Cigarettes,42Xba467wgGvYrR2EE6s0i,88
5,Fabio Bevere,YEAR 2022,7niIWQiDqvFvyNtRJBgjIg,0
6,Taylor Swift,22 (Taylor's Version),3yII7UwgLF6K5zW3xad3MP,76
7,Ozoi the Maid,Santa's housewife final waltz fight - New Year 2022 ver.,6LkOOiQa2REVL7nfs7lpkp,17
8,Tate McRae,she's all i wanna be,0IuVhCflrQPMGRrOyoY5RW,91
9,Years & Years,King,0pRPMfFKI88q1weL3tDMQf,1
10,The Weeknd,Gasoline,3KyKxJ4P3pVCgaZwaq2rUC,84
11,2002,Summer of 300 Years,5hhw7WkW1tJ5hFVEme6Mle,36
12,Em Beihold,Numb Little Bug,3o9kpgkIcffx0iSwxhuNI2,88
13,Years & Years,King,2YOXaCSnCjXF6FrGCSnfxo,0
14,The Game,Eazy,6Ab81Bs9fcOwaTYuBsUUpI,85
15,2002,Summer of 300 Years,7GfVNjOYyyvp39tg2c2DO9,20
16,Dove Cameron,Boyfriend,59CfNbkERJ3NoTXDvoURjj,92
17,Christina Aguilera,"Lady Marmalade - From ""Moulin Rouge"" Soundtrack",3uRUbppUFPsmrccRXSDAjE,54
18,Gunna,P power (feat. Drake),0lEjxUUlKqjqXrVlIHFduD,85
19,saturn,2022 my year fr,4u2gL1g6AgF2vlAURETOXi,33
20,Jack Harlow,Nail Tech,62Yo3FDddWY8ydu6PW2wyz,87
21,Womack & Womack,Teardrops,14mRtbBGeqILGZI1r49Uv5,44
22,Charlie Puth,Light Switch,1BSMpVGWs3v5BZKnAQziAc,92
23,INMBeatz,New Year New Me,2lGrMaDv56BVIxNrgT5GY7,24
24,Becky G,MAMIII,1ri9ZUkBJVFUdgwzCnfcYs,94
25,Hot Tuna,Too Many Years - Live - Set 2,2rv1hw7DrSs2QsR5q8ZyBC,3
26,The Weeknd,Sacrifice,1nH2PkJL1XoUq8oE6tBZoU,92
27,Josef Strauss,"Nymphen-Polka, Op. 50",4Rec8Cm7xGxdrhMxCYU9Kd,37
28,Nicki Minaj,Do We Have A Problem?,1PNs0uGru3TcrA94kpyGnc,86
29,HOT RIDE the LEGEND,"2022 (New Year, New Me).",6OZHi41kYoBrr84JXBRNNz,22
30,Fivio Foreign,City of Gods,4huBDGP4I3S0pYI0EaRN1c,87
31,Dj Tony El Campeon,New Year Mix 2022 - Mega Mix,30cgTq3ASI4sNq0f83oZfP,19
32,King Von,Don't Play That,6BczFLHW9aIf9aWn5NFuNL,83
33,Hollow Stage,"New Year, New Bree (pt.2) - 2022",42qHps7apeIKpDiOsKXlJ7,18
34,The Weeknd,Is There Someone Else?,0mL82sxCRjrs3br407IdJh,87
35,Johann Strauss II,Die Fledermaus: Overtüre,2VIefSHPIMd7B6QPpX54Qu,34
36,Gucci Mane,Rumors (feat. Lil Durk),0P2P1AxcRYhiZvoF5MyRmM,82
37,"Joseph Hellmesberger, Jr.",Heinzelmännchen,0azOkHfzw0pLGF41f8Khmw,32
38,The Weeknd,Out of Time,2SLwbpExuoBDZBpjfefCtV,87
39,Josef Strauss,"Phönix-Marsch, Op. 105",1mhUDxfJryrpt9E7LZaRQC,33
40,JID,Surround Sound (feat. 21 Savage & Baby Tate),0cp97b37sFNsdIbQH6po3T,82
41,R3HAB,All Around The World (La La La),1iwEkU7SPZtaWD7cjOPyne,23
42,Lil Durk,AHHH HA,54VFhe501kUbDYj2OrueMp,79
43,ABBA,Happy New Year,2PfHShbickBdLYpXWcRQDq,25
44,Ed Sheeran,The Joker And The Queen (feat. Taylor Swift),6N1K5OVVCopBjGViHs2IvP,89
45,Johann Strauss II,"Persischer Marsch, Op. 289",6nFdjYo1hSmGPSmKiqFjN9,32
46,The Chainsmokers,High,3t4KHjd8uQpJJ2fa0fRIpR,86
47,Johann Strauss II,"Morgenblätter, Walzer, Op. 279",5aEWmo58rXyIpeK4WSWqeu,32
48,Jung Kook,Stay Alive (Prod. SUGA of BTS),7CAdT0HdiQNlt1C7xk2hep,92
49,Jyc Row,Year of the Tiger (Equestria Spring Festival Celebration 2022),7k3vvF7gbBVW9ejRn0zBOU,17
50,Gunna,Banking On Me,7Fege3yv4dvehB3NdRBGwI,81
51,Johann Strauss II,"Phönix-Schwingen, Walzer, Op. 125",332ERDsBLIekg5IZDwb2tB,32
52,Machine Gun Kelly,emo girl (feat. WILLOW),2AAyBZmMVZSZfgzXRYJOWQ,83
53,Johann Strauss II,"Champagner-Polka, Op. 211",0ceAZnQanR0on8E9HLmZK2,30
54,Nicki Minaj,Bussin,7lcI4X8RZxK4zIknJcwpBq,82
55,Namito,Feuersee - 2022 Remix,25jKHAwh2TRw7J8LcFqfsl,19
56,Lauren Spencer-Smith,Fingers Crossed,3yMC1KsTwh0ceXdIe4QQAQ,86
57,"Joseph Hellmesberger, Jr.","Kleiner Anzeiger, Galopp, Op. 4",1pkC7ik3IwiwIoLSgzqYRD,31
58,Taylor Swift,Love Story (Taylor’s Version),1iFzoC2oc04dIyLk9qdsPe,0
59,Josef Strauss,"Die Sirene, Polka mazur, Op. 248",1bEgBgMIfdpvw0HcCapAks,32
60,Taylor Swift,Lover,07eA2aoHezW8MrMqBwEJ1N,0
61,LMFAO,Party Rock Anthem,0MHZpGOPZhiBKxR40oRmXj,26
62,Taylor Swift,willow,4SbVtNX5Dc69HyWxMjVaTc,0
63,MEDUZA,Lose Control,5BeVk8Kqt0ZY9EMoWI8zfS,23
64,YG,Scared Money (feat. J. Cole and Moneybagg Yo),4heBcjj4Lw3X2sQVFNbLbz,80
65,Carl Michael Ziehrer,"Nachtschwärmer, Walzer, Op. 466",6oQ2HG7O0qGc3OLOjP7VRi,31
66,Jennifer Rojo,Consentir - te,07g1HnFexnp4x5eBEzTRaP,77
67,Eduard Strauss,"Kleine Chronik, Polka schnell, Op. 128",6pRgYY5NtiwCNQ4yT2jAXQ,31
68,Russ,HANDSOMER,4v1TTTCadimzZkTuDTnYBc,80
69,Black Eyed Peas,I Gotta Feeling,0teThZJXIAJigFWFCHhRrU,25
70,$NOT,Doja,3zpGLSQ8QbbUnNjweWPLMD,82
71,Last Year's Man,'Neath the Harrowed Sky,4fLc4EG3fjEvS7l1qiI22w,24
72,The Weeknd,Less Than Zero,2D4dV2KXDTszzJ3p3cFqhA,84
73,Johann Strauss II,"Tausend und eine Nacht, Walzer, Op. 346",4Phjc732ZJc6In2gHETidu,30
74,Rod Wave,Cold December,6UAy9xYeTWjZB7h05p83e9,78
75,Johann Strauss II,"An der schönen blauen Donau, Walzer, Op. 314",0DSg1rFnpdc9RhNKCYOF3s,29
76,SiM,The Rumbling (TV Size),0KCSJzsQVxkloxoT7dyrqV,85
77,The Jackson 5,I Want You Back,6MD0SRIDE7WU06BafJTPte,24
78,Future,Worst Day,70pwY1UfPmSVE3ybPjFy0p,81
79,OneRepublic,Counting Stars,4NRBjAMDh8layJcLqlTF47,24
80,Benny The Butcher,Johnny P's Caddy,6AshXllQhobwSXsdpgp41w,80
81,ARMPIT TERMITES,NEW YEARS MIXXX: TIME 4 2022,3Uskm1BFladbHCBqQSxbKl,8
82,The Weeknd,"Here We Go… Again (feat. Tyler, the Creator)",1NhjYYcYTRywc0di98xHxf,82
83,Josef Strauss,"Sphärenklänge, Walzer, Op. 235",6QwCELMdagz2bIUl31L2GE,28
84,The Weeknd,How Do I Make You Love Me?,2Ghp894n1laIf2w98VeAOJ,84
85,Surfaces,Sunday Best,1bpA48rYxsGsien5giUBdZ,23
86,Yeat,Poppin,3wn8nOygkHLUQ9dlXM1rKW,77
87,Demi Lovato,Cool for the Summer,1PAP2UgQvOdrJ3vrUdudCi,17
88,Sueco,Loser,1GAIibUEoZjvG4QsrabVWc,79
89,Avicii,Wake Me Up - Radio Edit,1qtBLES6SONpxdNA81dI28,22
90,Dr. Dre,Gospel (with Eminem),3a2jFwnts4Cf0OwJbK61SL,83
91,Maroon 5,What Lovers Do,1gK8KWjMpKy5P2erOyd6pO,24
92,Justin Bieber,Ghost,6VDr4Cfl99n8xMkwNYuVnB,0
93,John Summit,Human (feat. Echoes),1AatidzO222c3WmKYKofRk,16
94,Justin Bieber,Hold On,3NlA3P4C3GnWoQjZrIZ1Y7,0
95,not applicable,Neujahrsgruß / New Year's Address / Allocution du Nouvel An,2qhgPZk7v1U3KbOZhGKdAG,26
96,Justin Bieber,Ghost,2TTAM0Ve3iAsqyiyld05vZ,0
97,Eduard Strauss,"Gruß an Prag, Polka française, Op. 144",6BvRZg33RmaKkZAajlik3z,29
98,Justin Bieber,Love Yourself,4IFJMcTBYv3TKAkimj7JnK,0
99,Johann Strauss II,"Auf der Jagd, Polka schnell, Op. 373",0NQlZbWIFXIkKIhFsMH1ZI,29
100,Justin Bieber,Peaches,7LABwwqqUHa8cfPesNBEpD,0
101,DJ Snake,Loco Contigo,0SsArKudK0oLud8nXMRfN9,22
102,Gunna,thought i was playing,5dqeWGM9sqLd5bZhyBikrZ,78
103,Johann Strauss I,"Radetzky-Marsch, Op. 228",6VB4GnzupnwBCA17kQFqdw,28
104,Lana Del Rey,Watercolor Eyes - From “Euphoria” An HBO Original Series,1G1R0XgChe18Zr1o6tlmN6,83
105,Professori,Children 2022,14rIuV6tVxl4BoxElWK5OX,13
106,Cordae,Today (feat. Gunna),7z3rc7SCgjbAztt1cbXkVj,78
107,Mike Posner,I Took A Pill In Ibiza - Seeb Remix,3GDt1DsJFlRNbLPUbSdeMx,22
108,XXXTENTACION,vice city,6MOst484piqXpzPPRRe8i5,81
109,The Wanted,Glad You Came,2ojHsrbZaaoumDQKgdsusa,21
110,The Weeknd,Take My Breath,2vgUijXOTRMnWXDtvgMp2b,83
111,Jessie J,Price Tag,2hX4Y6IpShMsHn1P9ceE4D,22
112,SiM,The Rumbling,6k0X05danQOXSBTVek5DU1,82
113,Crazy John,Bull in a China Shop,2hTnq1DpU4f8wNR4CuUkDo,10
114,Mother Mother,Hayloft II,0kYMwaQWABTkFff8AZjmYI,81
115,Guru Randhawa,"Dance Meri Rani (From ""Dance Meri Rani"")",1c3aklQsFCwptZyLcvE2oe,24
116,Juice WRLD,Wishing Well,0iCosltnyoEFGo1QEnGbNp,0
117,Sean Paul,No Lie,7tEk0lnzfowgegtKXxygH3,22
118,Juice WRLD,Lucid Dreams,1tSf8YLVE0ndYfIvljc47w,0
119,Stevie Wonder,Superstition,4BfXCYu7B2GBe70D2VQl6h,21
120,The Weeknd,Best Friends,1E5Xu8dur0fAjSP1VpVhAZ,82
121,Workout Music ,Rise Up (Warmup Workout Mix),6hnwbz6odadbu3bmMUHEv4,15
122,David Kushner,Miserable Man,6gPPoRYJwCsoB2VVdPJfmo,83
123,Workout Music ,Blinding Lights (Workout Mix),1Ihpps7NA0Qhu3uUa3x7K6,15
124,ENHYPEN,Polaroid Love,5elW2CKSoqjYoJ32AGDxf1,88
125,Tiësto,God Is A Dancer,4G7gJtXJJ4IIzmGEX8HJ8d,21
126,NLE Choppa,Shotta Flow 6,4GKHIuAyQBWSvrVxoej52H,77
127,Diana Ross,I'm Coming Out,0KfKbafliCudjGyo7Pjmd3,21
128,Internet Money,Flossin’ (feat. YoungBoy Never Broke Again),3zDMTxEANpj6hedyCrHXBg,77
129,Zeekonthebeat,Happy New Years 2022,5bOP7QNXOdbaIP5uyN8Jrv,5
130,Tyga,Freaky Deaky,3vySEUpD0tc801F2WZDLYw,79
131,Workout Music ,Easy on Me (Workout Mix),2BGGgxDFHRyyzvjjKzbEUl,15
132,lil Shordie Scott,Rocking A Cardigan in Atlanta,0N0h5lXc4HOiLgGb9EZi8m,76
133,NEIKED,Better Days,43B38XWoAqlxs56j9u2B1C,10
134,2 Chainz,Million Dollars Worth of Game (feat. 42 Dugg),3IZWCcD1FYpyeY3ki2VUmL,76
135,Workout Music ,Beggin’ (Workout Mix),3aSEwDuVlabNvITpOKkiwT,14
136,Rex Orange County,KEEP IT UP,0ioTTk5l0Zz7Oh48qEocgj,79
137,Chill Work Music,Chill Office Lofi Music,5rvsRrcoPW57LP6tyBgHxH,9
138,Yeat,Rackz got më (feat. Gunna),0Pq8CSHDXInMK8atOkWSAv,74
139,Professori,Night 2022,4lO5Pvv6GJOcgB6syGWMQp,10
140,The Weeknd,I Heard You’re Married (feat. Lil Wayne),5XbA7TAqsD0fj0dGBrbb0D,81
141,Workout Music ,Cold Heart (Workout Mix),4rtAK47x8GeyUC5cxgFJzo,14
142,Kid Cudi,Want It Bad (with Nigo),6PzDwzYlw2gH6pYFQqNnFA,75
143,Chinese Yang Qin Relaxation Man,Chinese New Year 2022,2ttitnVnTlfh3xYDuFUK8Z,7
144,Bruno Mars,Love's Train,60gTdTwaNtGAzIxKfeGVfJ,80
145,Fazilpuria,New Year Mashup 2022,2vHxqsn7wx28aEuaKz8MgS,8
146,YoungBoy Never Broke Again,I Hate YoungBoy,3itijJswMR7p7RbfqlYf1Z,60
147,Sunday Morning Jazz,Happy New Year!,2Q7PLag4LFqOB4Rta73Hxv,9
148,Yeat,Outsidë (feat. Young Thug),6OSjW5fVkuBeBdJ7mAzDyE,73
149,Sunday Morning Jazz,New Year's Resolutions,5lA9sILUX3Ie2XrXSGtHrU,9
150,Maren Morris,Circles Around This Town,13G5xv1wUKvJYbK0wYmioN,75
151,Elton John,Cold Heart - PNAU Remix,4Rfyd7l9GhfpOvpKAaVg8S,15
152,Labrinth,"I'm Tired - From ""Euphoria"" An HBO Original Series",6LtHYDgYHRCHoKK3snfr2w,78
153,Sunny Hassan,2022 New Year Party Mashup,3Ykwfbeeo1jo5r5H7vToDV,9
154,Kodak Black,Usain Boo,4N20NYwhJRArlzEhdCKXka,70
155,Club Killers,New Years Eve 2022 Countdown,6RVoGOMEywzerRieiw5t9m,8
156,YoungBoy Never Broke Again,Mr. Grim Reaper,4ohUm21eBxGXr22E3tFia1,59
157,Workout Music ,Stay (Workout Mix),3PDG31h8lEYM653ayKIaXV,13
158,Nigo,Arya (feat. A$AP Rocky),0Rq6JJwpZ9f1SU6Cfhgjv7,79
159,Workout Music ,Heat Waves (Workout Mix),5I64qCyYrFPBRWN00zUkVe,13
160,NLE Choppa,Too Hot (feat. Moneybagg Yo),3RceLAxBxCr8HihEVC24K9,76
161,Ava Max,My Head & My Heart,4VAZH3smXXFMH2BGSP5RhU,15
162,Falling In Reverse,ZOMBIFIED,2ib8fuTavdc48X6MjhE4Ft,78
163,Workout Music ,Bad Habits (Workout Mix),67scmhrpM0jxO5Uw8zbL8q,13
164,ODESZA,The Last Goodbye (feat. Bettye LaVette),4XeIiGpUBshIfs9yrBDVZC,77
165,Workout Music ,Save Your Tears (Workout Mix),2OJFOYPQaSpLraDb2nqCme,13
166,J Balvin,Amarillo,5N05ISJVk9bNL9xAfP268T,4
167,Wes Nelson,Nice To Meet Ya,1pDJKXAyPzyMwBKwLlQzJ8,14
168,J Balvin,Yo Te Lo Dije,0vNB52plhyFVDyX9MNNroc,3
169,Imagine Dragons,Follow You,6mpkYUbyN9KjbP94syLrlz,12
170,J Balvin,Amarillo,3uOtBgy0qoBy1rNljhceU0,5
171,Workout Music ,Peaches (Workout Mix),2GN0M64unZFzF8Mez8RL1F,11
172,J Balvin,Ginza,7DaazIBt4ePUbtXwIGyPJ7,2
173,Workout Music ,deja vu (Workout Mix),5X70OJdWtSai8LfmVniNbr,11
174,J Balvin,Ginza,2XVhML2x65V8JLRzrkdDVv,2
175,Workout Music ,Wonder (Workout Mix),2SjBYRFi8j5jZaOOS6Nvid,11
176,J Balvin,Ambiente,1F9UqTEBklrD1FQNMaGj70,2
177,Ed Sheeran,Shivers (Dillon Francis Remix) [Main Mix],1qecpOPV8iLq6W1dI5GBcZ,15
178,J Balvin,Amarillo,1xqXbMWVAUE3v1uaDqHdql,1
179,Chillhop Music,New Year Lofi,6bNjLQPjIvmVqRG5Insr11,7
180,J Balvin,Ginza,3NrBV0Tt7CoITe2Lm3Xysm,2
181,Coldplay,A Sky Full of Stars,0sIsNbmHzQMcbY1j4RKyOH,14
182,J Balvin,In Da Getto,1gv5BPWszcogEZzfgwyxuK,3
183,Jazz Instrumental Relax Center,New Year Jazz Cafe,0vBZQttdZ4u572uXAE9tog,10
184,J Balvin,Ginza,1IDQGrubIefqH9axUMbXpD,3
185,Chinese Yang Qin Relaxation Man,Year of the Tiger,05khBYwS9I5tp0R45IlMhQ,11
186,J Balvin,Peligrosa,3YXWVzVOBbih3iUHzyPx98,1
187,Workout Music ,Holy (Workout Mix),1kZJaFlA6zKibLOnIuKDmA,10
188,J Balvin,Sin Compromiso,4FHBuQUDvp2D015xnF3rMQ,0
189,Workout Music ,Hold On (Workout Mix),6leoJ4z4b581wuzkQFN7EV,10
190,J Balvin,Peligrosa,1wP5te7VNlILvDJdFlTH3K,0
191,Chill Work Music,Calming Lofi Music To Study To,3zxhdXTqGsmdq3xrRyCTP1,7
192,J Balvin,CUIDAO POR AHÍ,6YPPl7TnT1Fy0uRCdkHGNN,0
193,Workout Music ,Levitating (Workout Mix),2GZmjrWCcmUVFnbcpRoBQ3,9
194,J Balvin,Ginza - Anitta Remix,5h8uJmK6o045qGI4BuJNVn,0
195,Workout Music ,Without You (Workout Mix),7aDVw73KoEF4UrnN8MRwag,9
196,J Balvin,Azul,053aGF4Cg2MQ2R74A3dxOK,1
197,Workout Music ,good 4 u (Workout Mix),04pwXqJ3VjS5n7cZcpUMis,10
198,J Balvin,Peligrosa,56w0uFQCJ7uNCXWrLHYVMV,0
199,Workout Music ,Kiss Me More (Workout Mix),611IkuKCOwyORg9MzdZXYB,10
200,J Balvin,Tranquila,59SAEBXqTStXtnxNn5QXbw,0
201,Workout Music ,Bad Guy (Workout Mix),61ap7rnc6V8MBulwjw6BUn,9
202,J Balvin,QUE PRETENDES,0vVbpMavNrwY21Bzi1heQq,0
203,Gaana Subash,Happy New Year 2022,7CT6n85AuowzdPKFl9cXM4,6
204,J Balvin,Ay Vamos,3IFKbz0SaqXmqsusQ1VghM,0
205,K6ixx,Happy new years 2022,01tEbE08Hjx96hAfIg8TCQ,2
206,J Balvin,Noches Pasadas,5liuvqxaIhHAUQOa9ZZaze,0
207,Crook,"2022 New Year, Same Us",6r95i99qFSOQId4rsnUg1H,2
208,J Balvin,YO LE LLEGO,3qGixIYfMi2tNy9zsZYnAb,0
209,Dhanraj Saurya,Naya Saal Ki Badhe - Happy New Year 2022,6M10oSeDrAJfAwYaJsecQN,7
210,J Balvin,Tranquila,0CyVB7mYeXSETAAdRy7ong,0
211,Sex Music Zone,Synthwave 2022,0iN8p7VxvqpdbGHjQ4RCzA,4
212,J Balvin,Bajo La Luna,6AoMYDNNjXwnkN5LsnPyaT,0
213,Bruno Mars,Locked Out of Heaven,3FuBZwFfmaPoJ8QoGQb81K,16
214,J Balvin,No Es Justo,4B1s8w7Nbs4RsXoMMl7ClQ,0
215,Curtis Mayfield,Move On Up,3UQJpgcTPdt1jYRLZtbqPV,6
216,J Balvin,LA CANCIÓN,0cqXdMwedvlu0dFGldaVdE,1
217,Ed Sheeran,I Don't Care,08uS8QzJ8t6tWry7IBipzK,13
218,J Balvin,Qué Más Pues?,3dg0jYGi5LRk2d5RgoZxZG,1
219,DJ Night Children,Happy New Year 2022 X DJ Joget Ma Chi Nya Kukuwa - Remix,0KmRxm6io6aPBGUKyUSYgM,7
220,J Balvin,CUIDAO POR AHÍ,4R0L16BfLUFjPm3djPaAcW,0
221,Coldplay,Viva La Vida,4KN3Bqzof7RlqDFwct29DV,16
222,J Balvin,Bajo La Luna,0LPsyfBm1HanAnSJNPrAL2,0
223,Katy Perry,Firework,2l13WHKa7QAUwikcIyiOVH,8
224,J Balvin,Rosa,0NhRvEjoGwJc2Enj4BYyoU,0
225,Oriental Meditation Music Academy,Lantern Festival 2022,5qdRFYXIsEZt2EkC9XKXWw,5
226,J Balvin,Rosa,6qs7sVzOdRjAeXuKoWclCH,0
227,THE YELLOW MONKEY,Rakuen - 2022 Remaster,5SJyhwUWLjdTRrJdkfF0qJ,7
228,J Balvin,Si Tu Novio Te Deja Sola,27j5ueFeQwErSyYPC9pLGT,1
229,THE YELLOW MONKEY,SPARK - 2022 Remaster,4ujD4hVZgeCaXIHozlEBno,8
230,J Balvin,Peligrosa,1nedf7HmSIxbXHYXGeMdjr,0
231,THE YELLOW MONKEY,DANDAN - 2022 Remaster,4D4n0nuqBQ5k7eLtNYs2vU,8
232,J Balvin,Sigo Extrañándote,7wCqOfwhCtjhmXNlv8XfFg,0
233,THE YELLOW MONKEY,JAM - 2022 Remaster,4QgSrt2SqD0kRP59aiBRrL,7
234,J Balvin,Amarillo,0KYq2V9glLlTxjTUjqrmcT,0
235,Beanmixit,Money Dance,5vTlREUv1hFBigAe783XOj,4
236,J Balvin,Ay Vamos,1z49NfBKKiQXFXaP75TmIU,0
237,New Year 2022,Galaxy,6ZtLCXfmrInWZ85q9DXNz2,8
238,J Balvin,Rojo,5AZUrXEAQqXRtsG74Dkkt3,0
239,Workout Music ,You Broke Me First (Workout Mix),4Ty7xyaoyr2ZeTLRd6aGbL,7
240,J Balvin,Ambiente,6QlhZRH8fg3LDsHOAScxtz,0
241,Workout Music ,Positions (Workout Mix),0g6SG50ZXfUSUOfHCZwelh,9
242,J Balvin,Blanco,5i9WotuxG2dEHzfMBByLYA,0
243,Workout Music ,Leave Before You Love Me (Workout Mix),5YxSli4gUjYthsY0i3lHIa,8
244,J Balvin,Peligrosa,4d7yspkvjmjtkxoTBbWV6V,0
245,Workout Music ,Secrets (Workout Mix),4H4wPbZJ1P82e9uvfeS7FW,8
246,J Balvin,Rosa,2T3p0pnsVzzXD0klDqS3pq,0
247,Workout Music ,Love Again (Workout Mix),60HtGh2bkcnInZpVjhIlz0,8
248,J Balvin,Qué Más Pues?,3dQGYczzLZYJ6Bc3zFjksI,0
249,Chill Work Music,HipHop Lofi For Work,19x7ntn4azINjmEIQhtNed,5
250,J Balvin,Qué Más Pues?,22ZZSt1Z1p786i09UAW5x7,0
251,Workout Music ,Leave Before You Love Me (Workout Mix),5YxSli4gUjYthsY0i3lHIa,8
252,J Balvin,LA CANCIÓN,2AbOaBA1mnQOR9vtENsQLH,0
253,Workout Music ,Come & Go (Workout Mix),3J8MjvnPtOb3CcPDDc4UDj,8
254,J Balvin,Rojo,7Lnx2LcRThP66xAo4mrePK,1
255,Workout Music ,Watermelon Sugar (Workout Mix),2KlDOdn2feWDRhJ7HCsdIt,7
256,J Balvin,Ginza,28o6Wew5SCdBx8eYgiVo3E,0
257,Workout Music ,Anyone (Workout Mix),2Ihx7sR79SWqMmZBrAA3tT,8
258,J Balvin,Ahora,2ZQtb0xUWnQKiAkt3P1Ubi,0
259,Dua Lipa,Levitating,2r8uhkc9snkhjGXERP3RNS,11
260,J Balvin,Noches Pasadas,5oTdAN6nvH2By0Z4J3lRwj,0
261,Coldplay,My Universe - David Guetta Remix,4VVh7xorogYHk5FK7W6mmQ,16
262,J Balvin,QUE PRETENDES,1AY33SzB1Iy4hiUofTOeYS,0
263,Workout Music ,Beautiful Mistakes (Workout Mix),4zDVc78LCBzFPMHC4oxWrE,8
264,J Balvin,QUE PRETENDES,4r5KCGFkc2tz3QSfkN79pT,0
265,Workout Music ,Savage Love (Workout Mix),3uT0sOI2w704G61aptw6bx,7
266,J Balvin,YO LE LLEGO,5ek2Ma7GzZNIZYAR4x7xq4,0
267,THAT KIND,Better Off Alone,68x6BVFv3dHm1T71ZdJ9ja,7
268,J Balvin,Amarillo,61uVTKeLIWYpUUbpKm1nFn,0
269,Workout Music ,Dynamite (Workout Mix),4ulhzKxaNaF78cA9pYlToE,8
270,J Balvin,Machika,2yoH6V18xp688mzxIqqVfc,0
271,Workout Music ,Dance Monkey (Workout Mix),74M12fRFBuCfh9YgFjrPBl,9
272,J Balvin,En Lo Oscuro,2tsDzaZWTguQjUsMkkV1KH,1
273,Workout Music ,Mood (Workout Mix),4AhgBxVl6wePP44UBIQQnk,7
274,J Balvin,Noches Pasadas,6nAzugiGIYeLcSGFyyjt0k,0
275,New Year 2022,Hold On,6tO4xMwcUSyOqvIY5A2fxQ,10
276,J Balvin,LA CANCIÓN,28cPOue5VgygBEPnPfgPa1,0
277,Lionheart,30 Years,7jmxdEZ9XaqYgMH3O3Q7cj,1
278,J Balvin,Ambiente,04k0MWUYpjYfMZ7Q7D4C4X,0
279,Mabel,Loneliest Time Of Year,76IcYjQNbLbcCJCVi6NAZd,5
280,J Balvin,Morado,0qGe393q3xzlRSUR7roBuX,0
281,Byron Petrucci,Last day of the Year,0hKHLYLrw1ipLOMgkeWvkg,5
282,J Balvin,No Es Justo,17NB4jf0cNC4LWDbNZaFNr,0
283,Chill Work Music,New Year Lofi Music,008pyRi2rfqbhQY0BWXSIf,6
284,J Balvin,Ginza,6OX3jkuFK2Ruvyc18Pa1Wl,0
285,Avoe8ever,2021<2022.,4CyEXMfVvjJcJkBjwHLZvQ,2
286,J Balvin,No Es Justo,0nOXeLxfGAznev0dwVJfqk,0
287,Chinese Yang Qin Relaxation Man,Chinese New Year Parade,3Moh542gQTu5yJHzPl7vsR,3
288,J Balvin,No Es Justo,5wHj7ecqLzN6JiYhe8z1vP,0
289,Oriental Meditation Music Academy,Chinese New Year's Eve,0F4lJEqkaOvTJH0C0fwd31,6
290,J Balvin,Tranquila,3f9xYkJ3lPUwDbepwJjuz4,0
291,Chinese Yang Qin Relaxation Man,Cleansing Meditation for the New Year,08u2RSNx52LvoNDP0xhe7v,4
292,J Balvin,Cuando Tú Quieras,0hUyKDkO5NdsoLcXz3h7Rt,0
293,Tantric Sex Background Music Experts,True Love Years Later,4VaWuCAcyXHj3dye3L0ZlY,5
294,J Balvin,Ay Vamos,2d7JqsrzpfCz4XHoFubnpH,0
295,Bruno Mars,24K Magic,2piwlatTDv6hkBHP4nK9hD,9
296,J Balvin,LA CANCIÓN,6CIah0ZHENwDE1bKosX40K,0
297,Dua Lipa,Levitating,61hXudHjZEtmrh3xbqGDHj,8
298,J Balvin,Bobo,3kjMNDOxK59aBLDpSO5vZY,0
299,Bad Bunny,I Like It,1o73MeUyk0ylpndhUbmTG9,12
300,J Balvin,Si Tu Novio Te Deja Sola,1EIXCQEuRffGWzhtr2kDP8,0
301,Justin Bieber,Hold On,1XxY9eeKbuhv674nP0lqPN,4
302,J Balvin,LA CANCIÓN,4FoyAnexGiy8Qsz6ztDDIf,0
303,Avicii,Without You,6r0Js0zm0qH07b1791LApc,5
304,J Balvin,Brillo,6cMXOtjbSOkZ80lQzyNjKB,0
305,Justin Bieber,Sorry,3HbrMvMX1exmPkcP6l6zrc,9
306,J Balvin,Peligrosa,7oQnikyCeX7jWcwhKiK4cv,1
307,Bruno Mars,24K Magic,0w8EfCY8SbuFZGkUB0Xkvl,13
308,J Balvin,Rojo,6KL7pVL3tNTBLBuLcpYl3P,0
309,Panic! At The Disco,High Hopes,3l2Tawzx0NHUAg2ODHC2zv,9
310,J Balvin,Bonita,19r58Y0gNiSLEYENn7Gc14,0
311,Bang B,To The Moon And Back,4nBp20bpZvVMMTbC5nZb4q,7
312,J Balvin,Sin Compromiso,0mRjJaxkKvxnSvt9pEgbxu,0
313,Surf Mesa,ily (i love you baby),6RT5fEZT18X0b1rtkilJox,6
314,J Balvin,Machika,6qol8X3mkpdvifjOtqwWX4,0
315,Cher,Dancing Queen,3StMqiYieU3Bnui3p25f5x,11
316,J Balvin,Tranquila,3WhUqfJCqp0w1O29zgkS48,0
317,Clean Bandit,Rockabye,6HhJP4t7n8KDCMzyVY0snL,9
318,J Balvin,Brillo,2MX0mlclYn1ckrcfG7ZrQ0,0
319,Starship,Nothing's Gonna Stop Us Now,3SFnXmHfGAmRfexzhRg5aZ,11
320,J Balvin,Azul,3wTEVtBm7DFGplMgBnlKvS,0
321,Bad Bunny,I Like It,1t3jVwTF3wT1RtIWp7PK7Y,10
322,J Balvin,En Lo Oscuro,08opThFHZ9DaNZUaIxdVJi,0
323,Fleetwood Mac,Don't Stop - 2018 Remaster,1IczCZJlUWLFOJubMpQPxb,9
324,J Balvin,Machika,6ESMJgUCUrfCErjWpjIlLj,1
325,Maroon 5,Beautiful Mistakes,3d5QjgPQx2qZz9loKGg4DP,5
326,J Balvin,YO LE LLEGO,36A0xC0EEgxeSefK1bizEx,0
327,Taylor Swift,Love Story (Taylor’s Version),0J6J0s3lgqUSg0YmSqyhGj,11
328,J Balvin,Rosa,0Sy2EXdD2Ja6bFVFBnrl0c,0
329,Ed Sheeran,Drunk,2p0hCYwCL3GNmIi9UyIGpi,11
330,J Balvin,Peligrosa,3gge9uZfQ6NIcuDaHX917i,0
331,J Balvin,In Da Getto,5AQzsvXEVZtAS2unNQmAJF,9
332,J Balvin,Morado,6gQxoLyTAkmWgoqU2yVPrK,1
333,Sophie Ellis-Bextor,Murder On The Dancefloor,0Qe7iZcDcct4DjOtffOftk,5
334,J Balvin,Machika,5OYjTKaVAl1cjA4rmUXIox,0
335,Gupz Sehra,"Label Black (From ""Label Black"")",3id4V3gNT784A3jKlmhZbc,6
336,J Balvin,Rojo,10t1f6hdtWZ17dgn7cbhws,0
337,Angelo-K,Along the Coast - Extended Mix,5JmiFPPUW8aTib4Jphmbgs,5
338,J Balvin,Peligrosa,4mFQacUPOZGdN8ESmU5nBp,0
339,Workout Music ,Only Human (Workout Mix),36o3HyLRhxaDYW5MpsAJ80,5
340,J Balvin,Ay Vamos,1TtRLVYUL6Z5HOt6hYwnNb,0
341,Workout Music ,How You Like That (Workout Mix),6OsUIGqjaaWkJDmQg8T1br,4
342,J Balvin,Ginza - Anitta Remix,1cH2xLZ05orLwpf6Drv5eo,0
343,Workout Music ,How You Like That (Workout Mix),4UPCunwHMU6vKqGCCKxs9Q,5
344,J Balvin,Cuando Tú Quieras,1GoT63kOzwdbTghAZxwUb7,0
345,Workout Music ,Shallow (Workout Mix),1ADO7ZCyv242cvwWr8XrPU,6
346,J Balvin,Blanco,5j5okItxttEtPDKaeomCIv,0
347,Workout Music ,Photograph (Throwback Mix),3yMtNpm6udg2hwHuZTBN3B,5
348,J Balvin,UN DIA (ONE DAY),2Z8k6KrooaLGkbqJNNs4w1,0
349,Alexander Tarasov,August - Original Mix,3EyJuWmCFLwXyt4y3qfHUH,5
350,J Balvin,Tranquila,0DZhs6TU71CznxjCcDfCQm,0
351,Workout Music ,Here With Me (Workout Mix),4REgcDopiaFZfEkGAKV7LU,6
352,J Balvin,Reggaeton,6yIT07hvoDpdXcUnnHAGVO,0
353,Workout Music ,You Say (Workout Mix),1fn1ORLUxJtPCt8Rlh5qI2,5
354,J Balvin,QUE PRETENDES,1yxBscCa0gRUo33QVoEGeE,0
355,Kideko,Ready For My Love (feat. Kudu Blue),18OvIFgE37GLsY7eIsHLkx,5
356,J Balvin,Safari,7BngKqE7E2F9LOGcCndSzX,0
357,Alexander Tarasov,August - Original Mix,3EyJuWmCFLwXyt4y3qfHUH,5
358,J Balvin,Ambiente,71n8953pgbONMjux6GQTfE,0
359,Workout Music ,Lose Somebody (Workout Mix),5PO4zJ537aN29QX95HCI9h,6
360,J Balvin,QUE PRETENDES,2mVUDRxdgFxjMJAtl2ILlW,0
361,Workout Music ,"10,000 Hours (Workout Mix)",2745C5OnwddE3x7IO7nXfY,5
362,J Balvin,LA CANCIÓN,2w0Ef3EeYLocbr6owPtwJ1,0
363,Workout Music ,Truth Hurts (Workout Mix),2ZbDVp6va8bWlwbFP3U929,6
364,J Balvin,COMO UN BEBÉ,2KoUn305R0BBZCj2Ud8Vey,0
365,Workout Music ,Pumped Up Kicks (Throwback Mix),4g3yIbgiUaeyT8z7V366re,5
366,J Balvin,Sin Compromiso,45kkrx1A9kp6dcpmIjDcJ7,0
367,Workout Music ,I Like It (Workout Mix),7nlCmwgWhjtMznGt4Iq1lz,4
368,J Balvin,YO LE LLEGO,78H9bUTF5xvHmxVSc9TV1e,0
369,Workout Music ,Sexy and I Know It (Throwback Mix),3MnNz9kpW7JmnJKMR9KX8s,5
370,J Balvin,Peligrosa,5GhMPYBboPWJFSTti7F581,0
371,Workout Music ,Dancing With a Stranger (Workout Mix),6eqfkQeITCgZ0jkCti0BGh,5
372,J Balvin,Peligrosa,39PaI0YCXLMGR6DKKdzQSn,0
373,Workout Music ,Electricity (Workout Mix),473AjnY37WldJKydlFew7R,7
374,J Balvin,Ambiente,3M56Vv5ooDOlNtqndy6B19,0
375,Workout Music ,Say So (Workout Mix),1rMvv5piWQkaEId9wTefvf,6
376,J Balvin,Si Tu Novio Te Deja Sola,4asYl0e2haXERF4ZoemxQg,0
377,Workout Music ,Something Just Like This (Workout Mix),16hx1l5MC6XqLfkQ2EwIWy,6
378,J Balvin,LA CANCIÓN,3h0oDJMTyBc4PUMe4Q3fah,0
379,Joel Corry,OUT OUT (feat. Charli XCX & Saweetie),37jfKCUtJFqDfWLMpjOH4T,16
380,J Balvin,Ginza - Anitta Remix,1wkA0JEmo9pYIAkf9QkkwT,0
381,Workout Music ,Payphone (Throwback Mix),1BpkVpnkeREW5FqOhsYl4L,4
382,J Balvin,Otra Noche Sin Ti,7466M5qZkgmi934HBjmOEp,0
383,Workout Music ,Ride It (Workout Mix),1gF2mCR3Da6oWX1fUCdn6W,5
384,J Balvin,LA CANCIÓN,2pEIuVcJgE7r2SG2qGbPwG,0
385,Workout Music ,Don't Start Now (Workout Mix),1moW2lPD6hSWOEqOUriL4P,5
386,J Balvin,Ginza,0dJAyBAO9aGlZXUNH6cwuF,0
387,Fred again..,Marea (We’ve Lost Dancing),5YQpuTrcGvLDOs3GlRiFws,9
388,J Balvin,CUIDAO POR AHÍ,2TFzNKuWyYKDc1BaKdF1jm,0
389,Workout Music ,How to Save a Life (Throwback Mix),6tO7aLxfSXZPh00Dozjt13,4
390,J Balvin,Peligrosa,73Intsl2COWN23lbRdhxi1,0
391,Workout Music ,Lose You to Love Me (Workout Mix),1FQkdxUg9YeShZMVkn9n1j,4
392,J Balvin,Negro,0EQvSTKh6dkOsDDICLUDwY,0
393,Workout Music ,Alone (Workout Mix),3l5U0R0aReooep0zk2kM33,5
394,J Balvin,Yo Te Lo Dije,1sn3inOKDsXveSJsPNgkvx,0
395,Taylor Swift,Christmas Tree Farm,0EbBRKCmTICDoi5s1XGDfl,6
396,J Balvin,Morado,6wwRkcFlhEF9oHVvQhStZR,0
397,Workout Music ,Dance With Me (Workout Mix),0eYFocS3HIrC5HNKeAcD5n,5
398,J Balvin,Bajo La Luna,4c7tECazhVvnP9r4Byj0Bs,0
399,Workout Music ,Bang! (Workout Mix),0gTcU8Rq7vXWnKWSIllwZa,7
400,J Balvin,Machika,2WV7fO1CmMdE3SJsAmNdqq,0
401,Dua Lipa,Break My Heart,5D16vOkqXe1K4zvvbc0gMR,12
402,J Balvin,Blanco,1i3gy2fJJo4FCZwIkzfnH7,0
403,KOLIDESCOPES,When Friday Comes,7AVfbTHgBFSpZOlzeuGE8e,10
404,J Balvin,Tu Veneno,2SDdgaMTguqp7YJNfGDIcy,0
405,Workout Music ,Circles (Workout Mix),0vXhAhvDco8AJY6ijuLow3,6
406,J Balvin,Blanco,1XyZSLi5xZdVB4DM2gUgW1,0
407,Workout Music ,I Love Me (Workout Mix),7EYxiL19XeSHqqgQaIR757,5
408,J Balvin,Amarillo,3Qd8r2wSOB1ZyEHWolptHn,0
409,Workout Music ,Head & Heart (Workout Mix),0sovoTxdFr0ZSKNJozuQuy,6
410,J Balvin,Bonita - Remix,5DpFnWoLjoE9GtGpyycII0,0
411,Workout Music ,Pursuit of Happiness (Workout Mix),2fMPDxOwqBSf4tXuus5n7C,4
412,J Balvin,Qué Más Pues?,4cNoYdOrOUZIF00g3r6Dan,1
413,Workout Music ,Juice (Workout Mix),5qb3Xnxc8pttui5TIkOtNN,4
414,J Balvin,LA CANCIÓN,179MtoZu2V1BYJ13ohtVLX,0
415,Joel Corry,I Wish (feat. Mabel),4BHiwXCxZTMIWa9LgI4sPK,13
416,J Balvin,Bajo La Luna,7gHqItETrLl456Ls4W3iXD,0
417,Clean Bandit,Drive (feat. Wes Nelson),5wRDycGgfwUqWrfVwhesHy,8
418,J Balvin,Morado,2TaHtwGHzUcYjSjmESMANR,1
419,Workout Music ,Roses (Workout Mix),5tROTgR07Duilsv3YfgRUa,5
420,J Balvin,Gris,414n7DaDtSz5UzuCnI7sTR,0
421,Workout Music ,Numb (Workout Mix),6X0S7D0mwGZ4r45MJjwx3q,4
422,J Balvin,Safari,2LXQ4ztPxNPV3ZuJKfFbd8,0
423,Workout Music ,Breaking Me (Workout Mix),0m1rC89xohNhjdEAe6r4Rl,5
424,J Balvin,CUIDAO POR AHÍ,2wtwYmlxHaKlZ0BcqZMzdr,0
425,Diplo,Turn Back Time,6tI84CKlx0WUOCxPNtTOF6,7
426,J Balvin,Sin Compromiso,2fpIHNPWyY0uM7BDuZdiqA,0
427,Workout Music ,Heartless (Workout Mix),1XykCzH000ZgQZxUF8ZMyd,5
428,J Balvin,Reggaeton,4Jgd51q0PyBnGELipLxvHY,0
429,Workout Music ,Take You Dancing (Workout Mix),2la3BckoTWkbhVB6ebjwpz,5
430,J Balvin,Peligrosa,2PsFm24jJefuWssVSQYcAV,0
431,HUGEL,Back to Life,1aq8wSzrrAW6j8bqDPrxZD,6
432,J Balvin,In Da Getto,0TfvSsiPvEDmWnmTBhMzVk,0
433,Anne-Marie,Kiss My (Uh Oh),0bEb0XMuBCCZ8uZt2EvxBz,8
434,J Balvin,Blanco,17OvmMjNpQapomJODVLLSN,0
435,Workout Music ,Sugar (Throwback Mix),1PEwP7JXNH9yoEtTF3MvLx,4
436,J Balvin,Amarillo,3Hk9zzI3amb2WUHR4sG2OR,0
437,Workout Music ,Nobody's Love (Workout Mix),7yC6l15JOroUr3l15xwFfC,4
438,J Balvin,Ginza - Anitta Remix,0ZTbHJ7XD3OtJPJWXtTcMv,0
439,Workout Music ,Lights Up (Workout Mix),4b6yfwImbwdRQH8nmaxYoD,8
440,J Balvin,Acércate,65w4Ie6n4KRdwhBsjsTyKH,1
441,James Carter,Could Have Been You,6vfCKcXzISTVNVHMZVjnwP,5
442,J Balvin,Bobo,6wZjp86lyzSydFVvkdakFO,0
443,Workout Music ,Be Like That (Workout Mix),0tkWiOnFYZknIubdDw4Ayc,5
444,J Balvin,Rojo,7p8lHDLfZm1io3xh9b4oz6,0
445,Workout Music ,Teeth (Workout Mix),1SmD1rkVYEpNMrbHyOgFll,4
446,J Balvin,Sigo Extrañándote,66xWc27RrLk46oUo7I6eds,0
447,Workout Music ,Lola (Workout Mix),13Nog9q5qOfs8nv3I84Iyz,4
448,J Balvin,Ginza - Anitta Remix,1VeC2XtGKCv5YnUlZg0Lzh,0
449,Workout Music ,Shake it Off (Throwback Mix),1c4cAkpeCk5WGjo3AdMFuG,5
450,J Balvin,Ginza,1AyaQWT9SEVKisZ6EJnaIl,0
451,Workout Music ,Teeth (Workout Mix),1SmD1rkVYEpNMrbHyOgFll,4
452,J Balvin,Bobo,6IRgKXbFDNCDsup9Gsk355,0
453,Workout Music ,Lola (Workout Mix),13Nog9q5qOfs8nv3I84Iyz,4
454,J Balvin,Noches Pasadas,18hOc65ljqXdX6aGTBFtfM,0
455,Workout Music ,Shake it Off (Throwback Mix),1c4cAkpeCk5WGjo3AdMFuG,5
456,J Balvin,YO LE LLEGO,4ThKmCpkrw2g8HkJnemLjS,0
457,Workout Music ,Rain on Me (Workout Mix),14ai0J4YmYBKdZS3BNQUDv,7
458,J Balvin,Amarillo,7oTlIARqdpmXdcbdomlSkW,0
459,Workout Music ,Be Kind (Workout Mix),0cHt7J6ipCyl6rAiuAzxyE,5
460,J Balvin,Morado,7weGLR1HPRrTBQtMrMFiUc,0
461,L.A Band,Don't Go Yet,2WdjBdAFTzwmNVhmOCwhSL,4
462,J Balvin,Safari,2rsTQsPPDKikU48M9YKNU9,1
463,Workout Music ,You Broke Me First (Workout Mix),2ve1AattJ89Vwqv5VefMuu,7
464,J Balvin,Bonita - Remix,6ARVDZwjAifcuQRGjcreGU,0
465,Workout Music ,Midnight Sky (Workout Mix),40C08xabUS6a1bfebAw7Ea,7
466,J Balvin,Amarillo,4ajpKI5wsaL8JtOYEeifew,0
467,Workout Music ,Goodbyes (Workout Mix),4RNePkrnA2QMdJ2h5tfGiw,4
468,J Balvin,Sigo Extrañándote,213Zhbd7k0wXC4oJ5OOiXG,0
469,Workout Music ,ily (i love you baby) [Workout Mix],4hELqNgMSBQ61MhsA4wn78,7
470,J Balvin,QUE PRETENDES,1x3TfA9KPCM6iSOeQk4dok,0
471,Workout Music ,Dakiti (Workout Mix),6ZrPBppSfZEeeNJJF7541b,6
472,J Balvin,Azul,0BREbTIAaeO68oVVN33Zis,0
473,Robin Schulz,Young Right Now,4IPKCyPnd83RyvBOna7kM6,23
474,J Balvin,QUE PRETENDES,5IoAMsLs2TVEZIfCSimnMn,0
475,Workout Music ,Uptown Funk (Throwback Mix),1iYTM3SvtyA31qnQrx9B8s,5
476,J Balvin,QUE PRETENDES,7vvmNFBf9FIkOS8ZHKMNla,0
477,Workout Music ,Kings & Queens (Workout Mix),3DEDKI9N8V65MF9Vepn5Qe,5
478,J Balvin,Ambiente,00jli24JzUmdd6HiKDdOVH,0
479,A7S,Nirvana,2Eh47XLOCePjZAPksuzUUz,7
480,J Balvin,Ginza,4a0Orx47exaLmsslm1JnYk,0
481,Zahrah S Khan,"Kusu Kusu (From ""Satyameva Jayate 2"")",7gw7wPsxGxAlDOa8pw9fMO,14
482,J Balvin,Ay Vamos,7xyHzlJCO6Wyj866EKGN00,0
483,Pav Dharia,"Najaa (From ""Sooryavanshi"")",6MKQi0zNFXixBVFTNl5CDI,8
484,J Balvin,Cuando Tú Quieras,4H7yzIPBL5f3tGb6RsgdX1,0
485,Chinese Yang Qin Relaxation Man,Gold and Red,0wDDNKH7l9sror9y81PQPw,13
486,J Balvin,Morado,5wZTrXJfUpojiDZ5GPbe8D,0
487,Badshah,"Slow Slow (From ""Slow Slow"")",2476G80jSDBPv2hXi6ihal,9
488,J Balvin,Amarillo,35uBKtOevcdR0s72Hnwk1c,0
489,Chinese Yang Qin Relaxation Man,Incoming Luck,67smctcykH1ujBKwlRLfvM,4
490,J Balvin,Machika,6fVjcPxJ50BUNkyDR2ptOs,0
491,Oriental Meditation Music Academy,Peace in the House,7J8gewN1hw8GyZompu82Ff,6
492,J Balvin,LA CANCIÓN,6SgIdq71sB7cLetDXCxfPR,0
493,Oriental Meditation Music Academy,Good Fortune and Happiness,0E5QFE2fz3olBIxuwFuRLF,5
494,J Balvin,LA CANCIÓN,4MnURPDLHyzgIEP1UiZ8J2,0
495,Oriental Meditation Music Academy,Red Decorations,0sYF1Gq2dlerrDZOyrvIbX,5
496,J Balvin,Peligrosa,6LwnIUtXgwmSRsSm1pyS3H,0
497,Chinese Yang Qin Relaxation Man,Happiness and Wellbeing,2Ob2quUQSj6JVXWiLpMATe,4
498,J Balvin,Morado,05lmnUOJjWY0hStWqnBJXW,0
499,Chinese Yang Qin Relaxation Man,Cleansing House Music,6wUIJzeek0ZdfbnqwZHEx2,5
500,J Balvin,Ginza,3fo5hvmanCYvqb74UE95a6,0
501,Oriental Meditation Music Academy,Oriental Spring Festival,5m6IWzeYArswfffqjNp5Hk,6
502,J Balvin,Machika,7lYL5ggyepe0A373Uga4TZ,0
503,Chinese Yang Qin Relaxation Man,The End of Winter,7kQDbSkQe5CvinK4hfcRzw,4
504,J Balvin,Rosa,7upMJwhmKjMINx9qIypyku,0
505,Oriental Meditation Music Academy,Red Couplets,3VqmMMDLeHOmDngLsDUXe4,5
506,J Balvin,Machika,0mIIafKGJarVwCd7bEaVUV,0
507,Ibiza Sexy Chill Beats,Our Dreams,4NaT7XwXm7xRJa5pyYbWyP,3
508,J Balvin,Yo Te Lo Dije,6ajej5SZlILQiXbqw6H1yq,0
509,Sexy Chillout Music Cafe,Secret Paradise,44VdqYJoTUJt3SoHN57k21,3
510,J Balvin,Sigo Extrañándote,4XR5v08CLhRRKgbNdC0F6k,0
511,Ibiza Sexy Chill Beats,Good Atmosphere,1GD010dQHPUXBoKW5qxTpe,3
512,Denzel Curry,Walkin,646sbFnyVg1trhqqxqFUJg,77
513,Dj Vibes EDM,Chillout Party Groove,0C4pBISYfOyxzSNMJC7cjY,4
514,YoungBoy Never Broke Again,No Switch,1leClpvy2MkzXQNXTgSFZ2,49
515,Sexy Chillout Music Cafe,Lazy Beach Life,0CBkPnNv9hEW13JxreFLba,2
516,Rex Orange County,AMAZING,6FtIK0IkmG33lKbc1pyAlZ,77
517,Sexy Chillout Music Cafe,Euphoria Nights,19FZbI96eTt88nOJP5dKZX,3
518,Kodak Black,Let Me Know,63gfBuiVoBne4Xhvb5H7d5,68
519,Dj Vibes EDM,Erotic Ibiza Night,6xGZWLd8cZMiaoKBjBogeq,3
520,YoungBoy Never Broke Again,No Switch,5KVeFmzPMSkzbC1jEQyo33,47
521,Ibiza Sexy Chill Beats,Sexy Electronic Vibes,5agVZfnYwJwQeTiunh4Wum,3
522,Yeat,Doublë,1cfhlm0L8NXdQW6h8iMjxN,71
523,Chinese Yang Qin Relaxation Man,Full Moon,0hBexExiM2ARSoLVwaFlgD,6
524,The Weeknd,Starry Eyes,6zzdyvVWjGrQBraSvuqJPY,80
525,Chinese Yang Qin Relaxation Man,First Days of Spring,6almt0R3UO2ZxPYxrdfyXw,6
526,Red Hot Chili Peppers,Black Summer,3a94TbZOxhkI9xuNwYL53b,83
527,Chinese Yang Qin Relaxation Man,The Story of Nian,0eHZNH7zGyrXgpNmOdjMad,6
528,DaBaby,Neighborhood Superstar,0lTqQTHcYb0RzGa5STjVrf,69
529,Modica,Intentions,4I6zAgnRo2u2WCNuM3FYi6,5
530,Gunna,25k jacket (feat. Lil Baby),6tsVFchreYTt2OPXSOoFCX,76
531,James Malco,Be Right Back,2NE7XRXlM1sqdSj0WGIheO,6
532,Fresco Trey,Need You,5FkBoG7xkb0pPkaO8rS5td,75
533,Chinese Yang Qin Relaxation Man,New Beginnings,0UmmdzuNJxIQzEPptFU57s,6
534,Tai Verdes,LAst dAy oN EaRTh,0fVDu1evgjX9CFD0cmuRrM,83
535,Dezraud,2022 Year,4SQnKUsUz8pNWLuc6r6eJw,0
536,Paper Route EMPIRE,Proud,6yOM87h9akcg1iYT5p66Av,74
537,14Kworldd,Year 2022,6Bgu57VdblgnBL1mfipOeb,0
538,Lil Baby,Drip Too Hard,5lXKq8lSxSjgZOmq6xXkhq,0
539,The Gentle Rudra,2022 Change Year,0AAL7WTV00TyUNEvJ8KnDW,0
540,Pusha T,Diet Coke,3BMG9dnjNymT1OGUXQTAXl,77
541,BodySheikh,New Year 2022,0H9qqi1F4zEf1rBihJYAq7,0
542,Kodak Black,Smackers,4s0nTw1JVoH0xV3bksuh6C,66
543,EgorGreg,NEW YEAR 2022,2VAQWz6SSt1PiaH0ijECJz,0
544,Kodak Black,Back For Everything,07l80vtpJz1t1y4woqdzal,66
545,Papo flow,New Year 2022,2J17jThqao1YSd5d2saEC2,0
546,The Weeknd,Don’t Break My Heart,6a4GH1gljLL7VvmO9u5O92,79
547,Alice Dude,2022 New Year,2VmjxrV3VTX3RqRI1d1OUo,0
548,Kodak Black,I Wish,5c5jh86Kat4XkgycuKsDqp,67
549,ONE ABE,New Year 2022,6lsdvTKIwk4o14seDDL6CH,0
550,Billie Eilish,bad guy,601RQXgjQsBTvz4vOguVCq,0
551,Winter Jazz Cafe Lounge,new year 2022,4J6Soyhph3YwSwC2W1IyZ3,0
552,Billie Eilish,my future,5Ni0TBvkol4yRYQc22DAJo,0
553,Dj Drew,new year 2022,5GUoP494K5evBGsuPovuOt,0
554,Billie Eilish,Bored,1K9qIEWfOAGuIhx4gSEe5p,0
555,BOLUSHEWSKY,New Year 2022,0yWQuMhYzqMXTR3AhtpTrx,0
556,Billie Eilish,bad guy,5oexOjiYncOw3Mq5eEi3DV,0
557,MAXSIM,New Year 2022,6psZjptH7wLjpkKrUuO8D3,0
558,Billie Eilish,all the good girls go to hell,0tGtXYZ5E1ueMOqjurAnZG,0
559,Magnivious,New Year(2022),6c1LHJ5N6cxHtRf5JmWmg0,0
560,Billie Eilish,everything i wanted,5spj7u4tdD2ZopwWQYHWoU,0
561,Новогодняя музыка и Новогодние песни,New Year 2022,5UkxnMPTEhWjiFqGKW5Pwc,1
562,Billie Eilish,lovely,2mjnsU27pQTG8DUZQFsDmC,1
563,Rinku Meena Nangal,New Year 2022,5LSO7QvpObO2XN0ZANZKdl,0
564,Cordae,Chronicles (feat. H.E.R. & Lil Durk),6oOJL3xj8zRz6URS0SwlXC,76
565,Rays Aero,2022 New Year,23nzl9acUaj1ukKvThojnG,0
566,Jason Aldean,Trouble With A Heartbreak,4lSNyiHil3tuiwtvEpN1qq,73
567,Ifthikar ismail,New year 2022,1YTAkFzXvaGfBcSRztegPj,0
568,Doja Cat,Celebrity Skin,66bLKGXOk3kPWWHP7Tbrki,77
569,EL Medyko,New Year 2022,35gEdDLav54uxoTOwHCq6t,0
570,Kep1er,WA DA DA,4gdiCHNbwugojBqr5Jt3pq,85
571,новогодняя музыка,new year 2022,5YSruNRsIZIseVGBmKcvlD,0
572,YoungBoy Never Broke Again,Fish Scale,3mEV5HCSzchjEG5NwLC0IR,73
573,Blu Music,New year 2022,7pwWIKxx6kcTJfaCR4ksjC,0
574,Charli XCX,Beg For You (feat. Rina Sawayama),50ZFpw2wS6ERvLmW8TINhq,81
575,Oasis of Fit,2022 New Year,5tavNnbEGhIG9QtKKKk6uV,0
576,Maddie Zahm,Fat Funny Friend,4eaSY3ucamesaARYBsLfz2,78
577,phaso,new year 2022,10O5TXa940MBkSntYGlpss,0
578,Kodak Black,On Everything,3SgWgfBoO5JCJnpCwKd9DM,65
579,Ujwal Star,Happy New Year 2022,35g1Gu7v5Do3BsaF371Qwg,0
580,Jessie Murph,Pray,2gbRKKSyW7e7vAkyvrJkte,80
581,Emility,Happy New Year 2022,1RLj2ye9XSfxxgGfccVIHt,0
582,Kodak Black,Purple Stamp,5vZqcDWLyN1GE7GibqcI3x,64
583,DJ aL Sasaja,New Years Style 2022,03xVNiztPmpWWQTrgDzjHR,0
584,Imagine Dragons,Demons,1vzvDdnjMow0KxniA5VesQ,0
585,Bapi,New Year Masti 2022,40t4mSM4jSM2kINGypyjvn,0
586,Imagine Dragons,On Top Of The World,4uyNmH36LIMLWZx10IjNha,0
587,Pintu Bhanoli,HAPPY NEW YEAR (2022),5O1nPIPKVG4PrfumePU86i,0
588,Imagine Dragons,Demons,6aVJhUcW6dKTFFFOc9JZUE,0
589,Abraham Sote,Happy New year 2022,6N2UWsEpjZen0YNoy2DSGH,0
590,Imagine Dragons,Radioactive,4sm6SUtcu7wQs5fnOnu87v,0
591,Atul Singh Anmol,Happy New Year 2022,5Ai3N1WrNnJx3cTNINLP0D,0
592,Yeat,Rëal six,6CZCmIHLKm9lK66j5xDt0X,70
593,R1Fmabes,New Year Cypher 2022,3Dqzp1wKSrw3r0uGq3Kw9f,1
594,Imagine Dragons,Believer,5FemtWVm5EMWC2qZPa7khQ,1
595,Shaithan khatana,Happy new year 2022,4P5kp6oZLXD9WKDepOTkfw,0
596,Imagine Dragons,Thunder,7eieFcS5AOCodfenYnqRx0,0
597,DREAM DOG TWO,New Years Eve 2022,5BInc1KwcRJeDZILFPOY6x,0
598,Yeat,On tha linë,37nYSBS0MfRCm913QwCCYo,70
599,Mayrobeatz,Happy New Year 2022,6ncNp9KDM852f2zr5ImDb9,0
600,Yeat,Nvr again,4J7IUiMAbCEBN15c2ekiDh,70
601,Manish Lotan,Happy New Year 2022,1SZbxkcd55aNe8VADLtaL1,0
602,Kodak Black,Grinding All Season,1jadydWtmjFcdlGOi0G6ci,64
603,Gym Workout Downtown,2022 New Year Music,3mrTlnY73J5tUl5QvBjvxX,0
604,Yeat,Luh gëek,3NRpNPJmhZF6VbSr769oNn,69
605,Emility,Happy New Year 2022,6OeG5JyCIBhHfPPx2l2J1K,0
606,Kodak Black,Sink My Ship,4sNYF3T8nOhhqV5IBqrWke,63
607,Shyam Kr Nag,Happy New Year 2022,1aYprhB3o0SsMcH4HzXqvW,0
608,Kodak Black,Elite Division,5HrpjtKpx0LFGZgWYEOZWO,63
609,Dj Live,HAPPY NEW YEAR 2022,2cMay3bfRpyFkfTbOaxwgS,7
610,ROSALÍA,SAOKO,2J3oaXTqKjGGHCOQLeBnBA,84
611,Chhotu Ojha,Happy New Year 2022,7p5vKzhof416ceE2K4CqKA,0
612,Kodak Black,Midas Touch,4AH2lSWLVoMvbOHvHxa4i4,63
613,Asheem Mangoli,Happy New Year 2022,5QD5ENdP1kBrUBuxc3WWwV,0
614,Kodak Black,I Wish,0FmKMGrNrrf12GmmCYh2eJ,63
615,Tiny Frank,2022 a New Year,648OP442D4VLDyrvaXYuNp,0
616,Ozuna,Deprimida,41yHlQmNvtjRpoexYcSyJp,79
617,Parmish Verma,New Year Mashup 2022,47cPZl4HLdo4mwH9kSb8m5,17
618,Kodak Black,Super Gremlin,1Y5Jvi3eLi4Chwqch9GMem,63
619,Raju Bassi,Happy New Year 2022,3IerlCd1GzTJeP33x6IvsL,0
620,Bailey Zimmerman,Fall In Love,5gVCfYmQRPy1QJifP8f5gg,72
621,Hero Alom,Happy New Year 2022,1WzYhESGQOrYBKrAj6GVmT,2
622,BabySantana,off the leash! (feat. yvngxchris and Luisss),6x3BWyMi95035qz5pB8snv,74
623,Deeper Voice,Happy New Year 2022,2LKLMV7XhXexPKb8XXHzy2,7
624,Kodak Black,Take You Back (feat. Lil Durk),1WrVBzjNuyDBqh0kXHFsCr,63
625,Deejay Sandy,2022 New Year Countdown,1upK67kXLAIhZkoDyjDlz1,3
626,YoungBoy Never Broke Again,Bring The Hook,2Sc8Vpb2cK0NYHaIkjBR5p,72
627,Alessandro Pintucci,2022 Happy New Year,2kscVFXigP695dCNBOtaOw,0
628,Kodak Black,Vulnerable (Free Cool),0hMm6YHAdfsSDrJ8nG6eNW,62
629,Nemar Bhati,Happy New Year 2022,3VjFMQklkiDeuAsO9xZBU7,0
630,BoyWithUke,Long Drives,2jDrRaea7deXVEt4JmpvBU,79
631,Pintu Meena Pagal,Happy New year 2022,1pAOTKQFUQIjBR60feKtjA,0
632,Yeat,Rollin,6HgnSE2dp85gUO3KVgJL3b,69
633,mousseur,Happy New (2022) Year,1swow7Ttp74rNaPtZfRxe6,0
634,Kodak Black,Omega,2eabPsdXKwyRw7kgsANPKx,62
635,Blu Music,New year 2022 beats,5ecFuz0JicEE8uZgb8LZXp,0
636,Zach Bryan,From Austin,3X0V4uEujns3TlpoDa2TvP,71
637,Milky Music,Happy New Year 2022,0BHTFitWhNp1vABJOrMRHM,0
638,Kodak Black,Super Gremlin - David Guetta Trap House Mix,2V1VtN40USvW2d4YcnoeiX,64
639,Jack Bossa,New Year 2021/2022,7MmmLeBY8t6TEJALBHGiaX,2
640,ALTÉGO,Toxic Pony,6QHXcb0eFwOKZOZ9bOFmxm,81
641,Asheem Mangoli,Happy New Year 2022,6hp2AN7ONMZ87U2LHQDvQU,0
642,Kodak Black,Love & War,293mQGfVwgXIOdA1GpiwAt,61
643,Dj Ramesh Jobner,Happy New Year 2022,2Ks0HajHfrq13z7d82VRBk,0
644,YoungBoy Never Broke Again,No Switch,54COqDgfYUv07Kytm2Ndof,72
645,Uttam Kumar Mondal,Happy New Year 2022,6QY5oOHduTJ0f4dSrMYYNO,0
646,Kodak Black,Hitting Houses,2AU2JZs3dgfqt5bxkTmAtS,61
647,Blu Music,New year 2022 beat,3VtDWQeEAnahPezPy9Kh5d,0
648,The Lumineers,WHERE WE ARE,7l987hjMH9FBNXBE93Hrs7,72
649,Dinesh Lalpura,happy new year 2022,0uTuKFAYFJNBZHw4Xfeesq,0
650,iann dior,thought it was,3x1h0lsx1i2v9cUWnZssBa,77
651,Freddy Fri,2022 New Year Motivation,5kDOpWgJbETHwAe0V4cEAm,2
652,Coldplay,Adventure of a Lifetime - Matoma Remix,0gveYnEVO6QTn5XF7SJVh5,1
653,Vishal Rocky,Happy New Year 2022,1KgrAZwlNOAvVlbvAdfpmJ,0
654,Delaney Bailey,j's lullaby (darlin' i'd wait for you),7LNm1oWd6PniO9wRYpNY5o,75
655,SHKODIN,Happy New Year 2022,3gPhlfzWkPAEALgG9mjSiN,0
656,Tove Lo,"How Long - From""Euphoria"" An HBO Original Series",05eZlxyjbkHMPCnunUasCS,80
657,Ckv,Happy New Year 2022,13xOeEkOV2m7RB4WRnwD9X,0
658,Kodak Black,He Love the Streets,2e0HyOjm3Bze3Ri0tz3Uag,61
659,Mr Gurudatta,Happy New Year 2022,3bJzNkmMVfeAR6d8fYZscM,0
660,The Weeknd,Dawn FM,6krYS8KtmNAYyb5uTZiYW4,78
661,Ckv,Happy New Year 2022 - Instrumental,4QqTRs6DNWttil2dBRtvd5,0
662,Restless Road,Growing Old With You,5n4kMW5dn7MHFhXQuJb9zG,73
663,SeaOhDeeWhy,2022 WILL BE MY YEAR :),7D8u0a09CqFqk2yNYotL3V,0
664,Kodak Black,Love Isn't Enough,37zqDDDRlVCYrH2MZSvpbB,60
665,Sundhed Dj,For the New Year 2022,7hIDRm6MT8KeFs6SWD4Liu,0
666,Yeat,Jus bëtter,70B3eWw0ivRKxEvbbHQcjs,68
667,Paul R. Cuddle,HAPPY NEW YEAR SONG 2022,5dt5N8io9CXsIXHsgfdBE9,0
668,GOT the beat,Step Back,3LCwQoTrdQgHsGJE5gGVqx,85
669,Shivam Kumar Dutta,Happy New Year Song 2022,5fRczBglx7gY4SJgz50ytt,0
670,Yeat,Taliban,0MxEnGqgMlVZn0lD1k61kR,68
671,Anıl ünal,NEW YEAR-Anıl Ünal 2022,2H7p2ywhY1p4esonvQ1yFY,1
672,DaBaby,Hit,7aZrmPqodHy4qlKeyjAgDQ,73
673,Rays Aero,"2022 New Year, Pt. II",0MfvLaXmlCdPHljRohkV4V,0
674,Joey Bada$$,THE REV3NGE,2qvc0vB4AAW39DR9j6vXa1,75
675,Kushiram mandawra,New year 2022 sonu badolas,1JYPdId8v9Nm8h9LRnTUvM,0
676,DDG,Elon Musk (feat. Gunna),6g6FfeozIEkVUXecpSq16Q,75
677,Holocron Music,Happy New Year 2022 (Fireworks),3DtnExfxTbQp0J6hJx0DzV,0
678,Yeat,Gëek high (feat. Ken Car$on),10pKRdCsckIx7jdrR5IFec,67
679,Rays Aero,"2022 New Year, Pt. III",2tmOvHkizQ3ASAL6lKw149,0
680,NLE Choppa,Push It (feat. Young Thug),1s3etXt5RKVEuC14ugwmHy,74
681,Rays Aero,"2022 New Year, Re-launch",1rMinnZCaO1e4elEl9V6Ua,0
682,Saweetie,Closer (feat. H.E.R.),1dKe9VEGUSNfzn5MDvm6SJ,75
683,Sk Antu,Happy new year song 2022,2rDD4pdsGlpKEz98rFU9Uf,0
684,Diplo,Don't Forget My Love,2OZZpID4LgZ0GGm8XB99e3,74
685,LXVE,2022 new year new me,6Q6w3BogwYxmuihd6Bn90Y,1
686,Yeat,Jump,0upTWhU4O3eBKECSdnF8ZG,67
687,New Years Party Buddha Dj Café,2022 New Year Music Mix,3Yhg7lDsj9wKQIpizVSGa7,0
688,Los Del Limit,Mi Despedida,6Svlf7ToRwf8VFaHWpdN9O,74
689,Rays Aero,2022 New Year (Radio Edit),21jmiNJScus1LcgRDMot3W,0
690,Yeat,Kant dië,1zroecomS2LFaLd09CofJS,66
691,Ankit Yadav Azamgarh,Happy New Year 2022 - Bhojpuri,2lhjXoV4GWPIP0JrjbxDrB,0
692,Christian Nodal,Ya No Somos Ni Seremos,0UXlu64mDLvfzR8IXMz06J,86
693,Ragini Shrivastav,New Year Party 2022 - Bhojpuri,4Rf4XaJpdWRhajzzU9dmhB,0
694,Yeat,Still countin,2Jgk7jr68B6EGc2mHOr3Gg,66
695,MYP22,Year2022,7kg7SmWjlESF8Yn1Vj3vLu,0
696,Gunna,how you did that (feat. Kodak Black),3ABFD8SzXwMbUspLFxbbwK,74
697,DJ X-Change,New Years Eve Ultimate Countdown 2022 - Epic DJ Tools - NYE 2022,5eTqvYyW1T1zdh15dei1lp,0
698,Conan Gray,Jigsaw,1WzOonguDKuWQrTTf5yR0D,77
699,Rea Moon ASMR,"Bright New Year 2022, Pt. C",5VZHEskhvomnI6nmgKCH5u,1
700,Yeat,Dnt lië,6SKA4zY0zzYFdM74F2mPq1,66
701,Raja Manohar Yadav,Jaan Bola Happy New Year 2022,6jtVrBVODzwGGUKQjmxDmt,0
702,Mitski,Stay Soft,07zVQBJfbOuaAhpT3stRFL,75
703,Rea Moon ASMR,"Bright New Year 2022, Pt. A",3Vzwbuj8cysAJFQVjno6KI,1
704,Yeat,Narcoticz (feat. Yung Kayo),6j1FxJKgxzP11CGXycjT0s,66
705,Meenu Muradya,Happy New Year 2022 Mubarak Jaanu,2WDoQvIzHcUV0Tw8a0baGn,0
706,Yeat,Smooktobër,3K1SLqfHyHsLA0oxKpUsYf,66
707,The Slowest Train in the World,This Years Pimpa - 2022 Remastered Version,6flTcxWehzTU487nA8zXbq,0
708,Cordae,Super,3sjtQ07ptlPzw2N4YmGW3S,73
709,Edmel,Happy new year 2022 (tik-tok),1xDf3KcfmjXFrXKYH66EB4,0
710,Olivia Rodrigo,drivers license,1u0L1dDWlmGZoUt4OFpbBg,0
711,Trey Podwoski,Love 2022 (Make This Year Count),7AddPNOoeRHFI7ScgYEB8x,0
712,Olivia Rodrigo,good 4 u,2X17aqQz6eml1R9ZT3d7O9,0
713,Rea Moon ASMR,"Bright New Year 2022, Pt. E",4Ivq2AF4Re1IbHV68bCEJU,1
714,Olivia Rodrigo,deja vu,0x3hYqITh9W5UJtq6c2Jup,1
715,Swapan Biswas,Happy New Year Song 2022 - Original,4QlehRlxjcp1064QEZArSj,0
716,Olivia Rodrigo,good 4 u,3ufNPAtKwuFdUDSSdJHAbj,0
717,Emility,Sincere Wishes Happy New Year 2022,2OghxwtARSHzYkgJo3XV0R,0
718,Olivia Rodrigo,drivers license,3cORyvPUuPTgFzjXZ7HGfb,0
719,NPVLOG REBORN,Drxgs Party New Year 2022 - Remix,4Vls2d3fcFF2ObqgE7ivHR,0
720,Maluma,Cositas de la USA,5c4KBG3ATUOmP8y2KHGGoI,83
721,Golu Pathak,Dil Se Happy New Year 2022,2MRjB98tAtAfuZ9Wx5LqxT,0
722,iayze,556 (Green Tip),35WdGjpHVOHLepJl543eyC,74
723,Rea Moon ASMR,"Bright New Year 2022, Pt. D",0WKyKco1At6h4qPOetlnpt,1
724,The Weeknd,A Tale By Quincy,759ndr57jb0URg4j9YSWml,77
725,NK Dadrwal,Happy New Year Meena Geet 2022,3JsQUcEDOAVS1qVRmqjxNC,0
726,Mitski,Should've Been Me,5FQ9NDyx3KZXhovWWq4Gxo,74
727,Rea Moon ASMR,"Bright New Year 2022, Pt. F",35Up0ju86uEHcUEIsGlSlu,1
728,Kodak Black,Super Gremlin (feat. Myke Towers & Eladio Carrion) - El Diablo Mix,62Li2RUfLV9bCSJFweIG9H,0
729,Randal Reid,2022 a Year of Devine Favor,301PQgvvk0iEJSWo0wgHeG,0
730,Kodak Black,Super Gremlin (feat. Myke Towers & Eladio Carrion) - El Diablo Mix,7n3yVYDSlkZjEJ2kYMue2W,0
731,Rea Moon ASMR,"Bright New Year 2022, Pt. G",7KPyBhuICnEBUDBo2Wqj6y,1
732,keshi,TOUCH,7mZ19pGoinaWwanIDq0JTY,76
733,Fisk,Party Mix (In the Year 2022),25TMeThxihPdNBq8sDPwwM,0
734,Anuel AA,Secreto,5Q1NL3rQful8zootuarbnR,0
735,Emility,Sincere Wishes Happy New Year 2022,0nj9r7VCFsk578HnDXu1lP,0
736,Anuel AA,Secreto,6KwGEDM6vCSPywv8nmykvI,0
737,Rea Moon ASMR,"Bright New Year 2022, Pt. B",5HO7yRPydhLkJ1eDyAwtHY,1
738,Anuel AA,Secreto,4Ke6TyG0B5k8HAluLsooCI,0
739,Krishna Thakur,Happy New Year 2022 - Bhojpuri Song,3vSmfuyc7pkJeWvI3tR0NU,0
740,Anuel AA,Secreto,51sdrKOLmo6jEOkI7L4cjy,0
741,Md. Rashel,New Year Dj 2022 Dj Song 2022 jBL Dj Song 2022 New Bangla Dj 2022 Dj Omit - Am Amit Remix,2MefUfEt2uJSAatNTfpPbw,4
742,Anuel AA,Secreto,5UCvWcoF1vnODGhmSNDQdJ,0
743,HOT RIDE the LEGEND,"2022 (New Year, New Me). - Radio Mix",7Ataiuapd2xueLvT4340UY,0
744,Anuel AA,Secreto,0geDRWvYTPd9pYrvIEKl8k,0
745,Collin Patterson,Life Moves On - Pocket Watch Year 2022,6UzGCNKjgFjKI20ZY3wd0Z,0
746,Anuel AA,Secreto,1B0WObampEv4pNoUkVyoeA,0
747,Namita Agrawal,Nachi Jibare Aaji Happy New Year 2022,7sDBldNRoaBj7OVAfUevRM,0
748,Anuel AA,Secreto,0Ur906g6iYmnuwDnqJZR45,0
749,Ivan Tanudjaja,Vision Sunday 2022: The Year Of Amen,7MdgJCwpr7x6VFecZHSe5I,1
750,Lil Uzi Vert,Homecoming,2yR6Fvn4vcDSgznLBHrCQd,2
751,Tanner Suthard,2022... The Year To Choose - Radio Edit,0jGb3YDu7LtmWsgQMwtD7p,0
752,Nic D,Serotonin,1FUQZYqWRVL8eaQd7uENlz,72
753,Vito von Gert,Happy New Year 2022 - Continuous Dj Mix,3Vfg2j3uO0yp9fSJdEyJZk,0
754,Yeat,Call më,5ndri5AkUnWsBRZOSeasPV,65
755,Rajesh kothali,New year 2022 hit song sad song,1cgKxgJNK87djV3pc0FnfH,0
756,dhruv,double take,0QzuaeCEEOV40Pn7IvKEny,83
757,DJ Lion-45,Happy New Year 2022 X Loving U,3knFojMoQnWG5yXSKkX3Wz,0
758,David Guetta,If You Really Love Me (How Will I Know),73Haq0k8uMGnRifsN7qONW,8
759,Anthony Phillips,Seven Long Years - (1976 Instrumental Mix) [2022 Remaster],5vmvF4zNqr4l92LPKK9RBL,4
760,Yeat,Luh m (feat. SeptembersRich),2ONIkbO7hnizskcAo1v8Tj,64
761,He Told Me To,"Year Of Exhaustion - Live At Soundation Studio, 2022",6N2YmwsUBZ8H1uRqW4hvpv,2
762,Gunna,mop (feat. Young Thug),49BbpJuVsX2wUl0Qo9aVvC,73
763,New Years Party Buddha Dj Café,2022 Countdown,54V6KBbAv90qXWZKTg2HZe,0
764,Yeat,Still countin,7ASlpfqBORcItmtn0cNDtI,72
765,Edwin Maduro,It Ain't Love (2022) [30 Year Anniversary Re-Master],5tOPGyrcL9rnOkPFNwUqSC,0
766,Jack Harlow,WHATS POPPIN,3mPBzwWIugkZBUZQJ6XyD2,64
767,Raman Ji Yadav,Happy New Year 2022 Naya Sal Me Gal Gorai,6l2LlsESrnv48XLyv0eRSy,0
768,Tame Impala,The Boat I Row,1HVYQj4liQb1QOygBfjZqV,72
769,214 Deuce,2022,5BRup5ZwKy991u74wPY33p,0
770,Kodak Black,Super Gremlin,2bBClS4zzrRd4Aj59NaKSv,73
771,Jthegorilla,2022,6LHEBFWrFVjMa2mWBaDyqP,0
772,KAROL G,Pineapple,7zUXsKkYq73kNlKRLqueLM,1
773,Woo York,2022,7cro5M4VydUuVwKVQIGNYl,0
774,KAROL G,EL MAKINON,6v990mpI9irrbhVC8toK68,1
775,Yung Gawd,2022,78XZA4YyvAgXz30Uw840km,0
776,KAROL G,La Vida Continuó,3ZtUInLorle9gsgmbQQSYg,1
777,Rakesh Majumder,Dj Remix Music | Happy New Year 2022 New Music - Remix,13Iz19icmBwoSSrfNJKQPA,0
778,KAROL G,EL MAKINON,7MkehiGB1x7091QzEbhQTW,1
779,DJ Night Children,Happy New Year 2022 X Joget Ikan Hiu Walading - Remix,1yMocpB1XYRBJy7j7RcI1F,0
780,KAROL G,LEYENDAS,6UWbH2hCjYxs2X27Amkxkg,1
781,ALG Blazer,2022,4SW4rU9zNI68WMVl4qvT9k,0
782,KAROL G,Casi Nada - Lafame Remix,1fq2tXrShf8Nx7lXAp79Zd,2
783,DJ X-Change,New Years Eve Ultimate Countdown 2022 - Female Cheerleader NYE Hype,6EOG0CCeZOuDbIEE9SIVtu,0
784,KAROL G,EL MAKINON,4Mtpl7zofyeyVsbnmM47Ku,1
785,Bando,2022,6p5quGVXwrLG8YEfNzGmMH,0
786,KAROL G,Ahora Me Llama - Remix,3cJ1slLCPjO8Zd4j2LHkOo,1
787,SwitLER,Trap 2022,6v06IIChm7E6MZu8RgfS02,0
788,KAROL G,La Dama,5NowOfYLeHPRVNIccuTEtk,2
789,1Alone1000Strong,Today (2022),4lrGmWuxDeXV5xpdNMUbsF,0
790,KAROL G,LEYENDAS,18Ys6B9UUnlbw3CshpwsPE,1
791,Sexy Chillout Music Cafe,#Chillwave 2022,6bO3sSS3PCRZQMX0Vbtm1a,0
792,KAROL G,Bebesita,4tpHkEUFlB8w6oBq4bH003,1
793,Khushboo Uttam,Loverwa De Diya Dhokha Naya Sal Mein - 2022 Happy New Year,7hiSu35eJGLP03e9qNUdwa,0
794,KAROL G,La Dama,0S39hLIqrhsQZrSmQp1tEY,1
795,William Right,Saturday Night (2022),3xuwLpKdPz1K48V7AoT2vx,0
796,KAROL G,BICHOTA,5UfaxA7I9AZpyCFsJceVMz,1
797,William Right,God's Wonderland (2022),3phmMLcoCoyS3SfWGcCBmo,0
798,KAROL G,Hello,2ozqIKiasvsIDm4YQHUACn,2
799,Sex Music Zone,Mellow Disco 2022,172TcvFzNClURPK7XJGL4R,4
800,KAROL G,Punto G,3UUcvdIj9ScsSFP8f0jJyU,1
801,William Right,Going Home (2022),2d5UjHjHX2hk7fjFh63emq,0
802,KAROL G,Lo Sabe Dios,0qvKvpsVPfH9sbB4ewtvQM,2
803,Swashii,Progress - Remastered 2022,3pbTf8FL1vHlMotL0Pp38V,9
804,KAROL G,La Vida Continuó,6BvKAUqRQJoW8EOfgyHHjU,0
805,William Right,The Duel (2022),6yL1rqGAbybZuR24UKm2S2,0
806,KAROL G,DVD,27sYChGP0vDM5wY06aBOE9,0
807,Sexy Chillout Music Cafe,#Deep House 2022,6PrvZt9xnNA5ZG3dr8TP6Z,2
808,KAROL G,"Ay, DiOs Mío!",2daqn5MHVNvt0bG6TKvN7Q,0
809,Time Shard,Zero - 2022 Remaster,7AL6CYD9vq95J6sInrXubl,0
810,KAROL G,Punto G,5hAGPiRZbVDfxgJtfwz8vn,0
811,Time Shard,Metamind - 2022 Remaster,3YPlGiPnGVByINMVMs38Al,1
812,KAROL G,Pineapple,4UVRPKRyVadAZhICwhXPmy,0
813,Time Shard,Oracle - 2022 Remaster,3f78pdhlYlS8DTxO36Zcg9,2
814,KAROL G,EL MAKINON,4TN6NeSOQrIW8XhEECEZDr,0
815,Blu Music,New 2022 beats,07z4nm6MGj1FbDeqPvoV6x,0
816,KAROL G,Créeme,4BSJrwE12bezdTDDJndv4M,0
817,Time Shard,Youniverse - 2022 Remaster,2dqh57SJGT10okAopVYI5K,0
818,KAROL G,Ahora Me Llama,6PvCsBkw0djRr1n7TqJvFY,0
819,William Right,I Need You (2022),55y1ZPJSaZ0gwspyxgvqbv,0
820,KAROL G,Casi Nada - Nando Pro Remix,5WWhFwJtU7TOAm5Dg0iRNA,0
821,William Right,Saturday Night (Reprise 2022),45ZRM6DiNKun3TvlZ6eCnP,0
822,KAROL G,A Ella,4elhtQJP6GLQB2sWCvTrdP,0
823,"Beats,by,dizzy",2022 things to change,17I2GV2tBGBOQ9Ngnn3gNm,0
824,KAROL G,A Ella,0E3Zg8nnwauDrdwpxP68C4,0
825,The Cherry Blues Project,Dawn - 2022 Mix,4CcNW49w3mcunLZmgGbKlN,0
826,KAROL G,"Ay, DiOs Mío!",0MvfWn0i3miX2tU3vWhU9B,0
827,Time Shard,Cosmic Carrot - 2022 Remaster,49u25ckAvC2vLaOFAKON5w,1
828,KAROL G,Mi Cama,4RkBYaUmGFoSwI0PShuX0t,0
829,Latrell,happy 2022 <3,1TQA7GIvmK6Dpi0iBjeBJu,0
830,KAROL G,Pineapple,2XuPRyM2PYlBxKEPKx0XJm,0
831,William Right,Going Home (Duet 2022),41Jbbj4t5bNSaCPtV7sndW,0
832,KAROL G,Pineapple,4WaRwEPwlkKkttGXMyabKr,0
833,Time Shard,Expand Forever - 2022 Remaster,3INPb1gpR014DX9bsyEXmO,0
834,KAROL G,Casi Nada,4oHUh2PdQRZmSHqU9RY32d,0
835,Time Shard,The Others - 2022 Remaster,613GJzJTDc2f4TvHj56WsH,0
836,KAROL G,Mi Cama - Remix,3Ot9Cqg2eXKDYlqqBZVdqc,0
837,Time Shard,Dream Messages - 2022 Remaster,4WuBbpYdKsJxilb46dutT9,1
838,KAROL G,Hello,6Ih9O1ezMnMYY8oG4dispv,0
839,K.H. Gorman,6:00 on a rainy Monday in late November of the year 2022,24oj0VevUrCn6QCeL7k9gl,0
840,KAROL G,EL MAKINON,2efRm6go9eBfTXmlGLZTK7,0
841,Time Shard,Psionic Lattice - 2022 Remaster,3fm1ltQyvW30SbUb5FEbMf,2
842,KAROL G,Ahora Me Llama,04PNc3mtf6yEb8URBdZt1I,0
843,Time Shard,25th Century - 2022 Remaster,3PwVARcMkEWrGoYCHSJ9wz,2
844,KAROL G,Mi Cama,7psW2HpPvdQMRAB3zoaffr,0
845,Time Shard,Voodoo Chronometer - 2022 Remaster,0Y6jZQ942ExYc3DwkbjNUD,3
846,KAROL G,"Ay, DiOs Mío!",1sjxxb9xFoyoe9AbDRo82k,0
847,Time Shard,Photon (Wave) - 2022 Remaster,7vH2fxmGs7L4WnNhb3HFI8,1
848,KAROL G,LEYENDAS,7BC6CyA3HjV4DbpfJOD2qJ,0
849,Time Shard,Central Sun - 2022 Remaster,5feUtvS7uI6VdYlkOdz9pJ,0
850,KAROL G,EL MAKINON,3rhPnILC7DexdxGJcdA71V,0
851,Time Shard,Star Glyph - 2022 Remaster,4yDxXSXBwOfqRFiPU0HNnh,0
852,KAROL G,A Ella,2yT6a2lmChpVYM3DJaZwWx,0
853,Time Shard,Human Error - 2022 Remaster,4oSDN3b30psnWQcdDWXNOu,1
854,KAROL G,Hello,3o0al3tjrhYWJe7S0ijUW0,0
855,Time Shard,Hunab Ku - 2022 Remaster,6vENvnry4Ug2KeDKuKQK42,1
856,KAROL G,Ahora Me Llama,4sY27zcfTrgWOWrhtEZf6J,0
857,Time Shard,Reality Helmet - 2022 Remaster,2uPKktN8aIPn3tWSUIrz7n,0
858,KAROL G,"Ay, DiOs Mío!",2HgdKkwdNnU81j5r1tMoZN,0
859,Time Shard,Metatron's Cube - 2022 Remaster,61f8ZV6oOPx3yww9QH0vWD,0
860,KAROL G,Créeme,4F90ObKASHbO97pja7Ng6K,0
861,Time Shard,Magnetic Storm - 2022 Remaster,7wE5siwy2p4BEWn4SMmM0q,0
862,KAROL G,SOLA ES MEJOR,0iHiKCE3tfE0MCtM1Zm2q0,0
863,BOYCOLE.,2022 and some more,5HYJe3jBS1blIIUspPMZaO,0
864,KAROL G,Mi Cama - Remix,1A12kmQnDovpYehvGvhQk2,0
865,Time Shard,Mind Tundra - 2022 Remaster,4d3vtlq24pNlTpRg2Vqmnd,0
866,KAROL G,Punto G,09KtqCrFpu9Ld5g4Uuoz8e,0
867,Sexy Chillout Music Cafe,Housewarming Party Mix 2022,6eWwHqhlEcHgW45OS0F84X,0
868,KAROL G,BEAUTIFUL BOY,04vsZhLcJMKgL5xkIgXc4b,0
869,Time Shard,Crystal Oscillations - 2022 Remaster,3OrlZLcu0IsZ415o1HqBpR,1
870,KAROL G,"Ay, DiOs Mío!",5JMvaJT5tLWFFF12FwP3fO,0
871,Time Shard,Photon (Particle) - 2022 Remaster,1OhGWAELgIh35eHS2QxJ4p,0
872,KAROL G,EL MAKINON,2B2CTTvc1YlT1SKpZkbrw1,0
873,William Right,I Need You (Duet 2022),5KfrnvfrfySrXDgT4rS0nY,0
874,KAROL G,"Ay, DiOs Mío!",2mDsartkhO52iftP01IG0l,0
875,Nick Gill,It Probably Won't Be The Best Year Of Our Lives (An Anthem For 2022),7qQRqE8b4hNv8KK5SsIzMV,0
876,KAROL G,"Ay, DiOs Mío!",6UVVc3KOjzU1hp9sTIWN1i,0
877,Time Shard,X-Ray Ears - 2022 Remaster,279cmYtlly125lcqu9hb4G,0
878,KAROL G,Mi Cama,5qYHWf6T9dRrKoaHqeTBIK,0
879,THE YELLOW MONKEY,Rosanna - 2022 Remaster,6TACEZfESIGhlj0iGKlbgM,3
880,KAROL G,Mi Cama - Remix,4EwRoOgRxenxaZVJEC1Cya,0
881,Gym Workout Downtown,Motivation in 2022,77pUyPf2F9K1OqEmDKvFU2,0
882,KAROL G,A Ella,3GGRUS6wdxtRCooId10iXP,0
883,THE YELLOW MONKEY,Tactics - 2022 Remaster,1oJHNcGUnCW4NHk4CT8YFU,6
884,KAROL G,Hello,0marapinvvciHpC3PuEe5S,0
885,THE YELLOW MONKEY,Ladybug - 2022 Remaster,5tBEwjAFm5tiGW0fIEpi4E,4
886,KAROL G,Bebesita,731HQuV2kPVF7zLpUHvLSw,0
887,THE YELLOW MONKEY,ALRIGHT - 2022 Remaster,670jcsXFL0SdPDnEBTgfOS,4
888,KAROL G,Bebesita,1REQu49TQKsvrIsxc4uwp1,0
889,THE YELLOW MONKEY,Fantasy - 2022 Remaster,59zRfOVWyxlxpJ9RPSfJiz,3
890,KAROL G,Pineapple,6YEf5ba2Ql6y4FleWpHkAP,0
891,THE YELLOW MONKEY,Pearl - 2022 Remaster,5ifVAiOA4qlJR6dT7DWvnX,5
892,KAROL G,Casi Nada,7kPE5ECkyaxm6mmAKq9gAX,0
893,THE YELLOW MONKEY,Primal. - 2022 Remaster,7fYX46VXhDuuoc3UcYKBaw,5
894,KAROL G,A Ella,0yG4D8nn5Ysa3m4angunZl,0
895,THE YELLOW MONKEY,BURN - 2022 Remaster,4p5QRpC7Xks4KFo74rPBrv,7
896,KAROL G,LOCATION,5QkbY1om98TqRZAMZkAKga,0
897,THE YELLOW MONKEY,Bulb - 2022 Remaster,50NoYcZ0eM2AABpioJ7smS,6
898,KAROL G,Casi Nada - Nando Pro Remix,4fEg9JLVYQ8dKXoqXh5U0f,0
899,Meenu Muradya,Happy New Year 2022 Gayi Rae Purani Nai Lag Gi Maja M Rijyo Dosti Mhara,6l1n4dLEQJSA6DUCf3jZ3W,0
900,KAROL G,LOCATION,4AkrGPbq9bu0lI3TLGl2sd,0
901,THE YELLOW MONKEY,Rosy Days - 2022 Remaster,5nlAtDjfqF58o3O9cATwE4,6
902,KAROL G,Follow,3wOvwZiTKMwc2AExkUzBwB,0
903,Christopher Ramseur,Years,4jZvsvNl131IOgiQDGmqcu,0
904,KAROL G,Casi Nada - Nando Pro Remix,7eskZVpt0nqfJuujbxWxaX,0
905,Aney F.,Violin 2022 Mix - Vocal Mixed,7miyBJjXCBmcCQ1bRIR6K6,0
906,KAROL G,Bebesita,6HgsVoLif3puqj7aQCmuVz,0
907,THE YELLOW MONKEY,BRILLIANT WORLD - 2022 Remaster,2WIoD4ihiQ1sFpfR0jyHn2,3
908,KAROL G,Hello,01XVANv3Vv3kHw1lF3MdzX,0
909,THE YELLOW MONKEY,Love Communication - 2022 Remaster,5GDPF2w5zNb8iuygKTmW0u,5
910,KAROL G,Mi Cama - Remix,5Oe9791rcYEqG8XosT6K8S,0
911,THE YELLOW MONKEY,Balloon Balloon - 2022 Remaster,7EHu6QJ16umhFbn1j8vnkW,3
912,KAROL G,Bebesita,5lLwcQjEDkTxbY0LBF8BWq,0
913,THE YELLOW MONKEY,Scorching Night - 2022 Remaster,22q2BN6kzKVl9dkcIhS6VE,3
914,KAROL G,Hello,2X3XIIoW4oAIi9XHF2uAhD,0
915,THE YELLOW MONKEY,SO YOUNG - 2022 Remaster,2EpkcmJwlENx08JfL5EwT6,4
916,KAROL G,Mi Cama,2a6ZC2SyzYve6WSQfIJgVa,0
917,Time Shard,Secret Song Of The Sea - 2022 Remaster,5hnJYNh3W3eQdjgXFmv313,0
918,KAROL G,A Ella,1wxjIEUNZoZWfmjf9FD6X9,0
919,Alesso,Years,1T7BiLyFaZKCNNFAMP4PVz,27
920,KAROL G,"Ay, DiOs Mío!",2XNmMr4hjw8tXnPPC6dleG,0
921,Ferreck James,Years,70lw3UVIT1z8KoR3sa3g32,0
922,KAROL G,Pineapple,4KELPCPqhDfcub6vpr4EFd,0
923,Time Shard,King Canary's Peculiar Time Chariot - 2022 Remaster,4c3AfDEA1FJyICj8dKRnlV,0
924,KAROL G,Tusa,08WJTWOk4amgP5vGy9VgL3,1
925,gbaby412,10 Years,6oBVRhJaHmSB4lnGCs7VDF,0
926,KAROL G,La Dama,6t2CAadIEJf8danuSRIRcc,0
927,ZP,Year Round,4pWdxcT1mvxWlFQqudwqUo,0
928,KAROL G,EL MAKINON,1m22k22s8CfH8QDFgxfF1A,0
929,New Year 2022,Yellow Pink,25xaybaFbzI2ejbirrTXib,6
930,KAROL G,Ahora Me Llama - Remix,7aCd1GJGppaqNR0QHojfcQ,0
931,Yarik 555 Max,New Year,0TyZmVhwR9Ndf8XfKisuHe,0
932,KAROL G,Pineapple,040AsXzO8XLurrOgWD9Yqy,0
933,Ferreck James,Years,0ejxF25oF3kEAQoQLZyPTE,0
934,KAROL G,A Ella,3UR6WYemvmiWXyjtRfWMTY,0
935,Ferreck James,Years,1LJcAwGWNC3lp3FORV7CbT,0
936,KAROL G,Hello,056xEhNBDLNagNoufbwG4x,0
937,Ferreck James,Years,5qoU8TttQ1BIwJYnJFrqV7,0
938,KAROL G,EL MAKINON,4pQ5dsZ4o1gPXUpF3NlC40,0
939,THE YELLOW MONKEY,Tower Of Sand - 2022 Remaster,5X2MU8J19B8e0z81SZRa9z,5
940,KAROL G,La Dama,2CcEWCqD68mT3a5rwmzB5q,0
941,THE YELLOW MONKEY,Changes Far Away - 2022 Remaster,7627DHUCwc8sZZrofPT68s,2
942,KAROL G,Culpables,0sJkUeNPrrrVUToPneVCnG,0
943,THE YELLOW MONKEY,Remembering a Mermaid - 2022 Remaster,4GOR2KSMTVphb3H349UGuj,5
944,KAROL G,"Ay, DiOs Mío!",4TcAtcBZgtYR3WqcY83tcf,0
945,THE YELLOW MONKEY,SUCK OF LIFE - 2022 Remaster,3cuBhY3QRO4CuZ2Q3W5eZD,6
946,KAROL G,Mi Cama,7BunO2h04mm6WETpnDiGLs,0
947,THE YELLOW MONKEY,LOVE LOVE SHOW - 2022 Remaster,1XjHmiCtmZUuXni8sDi7Ji,6
948,KAROL G,Bebesita,590Zd7GNX1ulRjv2bPtIrh,0
949,THE YELLOW MONKEY,Shower of Petals - 2022 Remaster,2nixSzmxwZswMUuZ6XpBsK,3
950,KAROL G,Punto G,6y10FvgAhwpcgz91kpM3Za,0
951,THE YELLOW MONKEY,Sad Asian Boy - 2022 Remaster,7II5WX6v04PRTSHYNfc3PU,4
952,KAROL G,La Dama,3f4V3UU6iUThcrGoskeRoQ,0
953,THE YELLOW MONKEY,I don't know - 2022 Remaster,6Kl3vYz8r4o4MA72AM1NNd,4
954,KAROL G,A Ella,22XYunqh9QKPkD92qT7Irv,0
955,New Year 2022,Glitch,1YHzShntppul5mrt5ZWROO,6
956,KAROL G,Ocean,4aTaD94uNagoe9kozG2UOj,0
957,New Year 2022,Ambient House,0Ks90Epgqm9oSMIPnYIhkx,6
958,KAROL G,BICHOTA,0vtdcAlGRaNBOSIozYFz8m,0
959,Adam Melchor,Light Year,3KNQwQpL0arVw85PB30hHm,1
960,KAROL G,Ahora Me Llama,4crM9lI5aWmq0RdgL0IjyJ,0
961,Adam Melchor,Light Year,68dhbMSBqxdIHBAo0sCS22,0
962,KAROL G,Punto G,2oq1miqA5fY3KMrBfUnj4g,0
963,THE YELLOW MONKEY,MY WINDING ROAD - 2022 Remaster,1nsqDaT5U0tzDR4c0nWRln,5
964,KAROL G,BICHOTA,4fDBTJQFbqEi7ELv2yfbXz,0
965,New Year 2022,New York,4WjRdopPXB766Z6uceH7KC,7
966,KAROL G,Follow,1fGVaOZRXBC2IK35ud12y9,0
967,New Year 2022,Terror,5mYVWAO0SShtxVMtDZrRYX,7
968,KAROL G,Hello,25RvpKB2thC0M2dkuCxmUx,0
969,Adam Melchor,Light Year,7itJkxkJcMkRLpfguLjxCA,4
970,KAROL G,Casi Nada,1cfgrcgRs8IXjtAV7gZdg9,0
971,Jaymes Young,Happiest Year,3OYNDrkdYFv06Dek5iNlst,6
972,KAROL G,Casi Nada - Nando Pro Remix,71Huec7RmcVzOWxl0pIbJp,0
973,Adam Melchor,Light Year,26LZiM2Wan9I9UdwKvCUE9,3
974,KAROL G,EL MAKINON,5gksYynaNds4HrgaYgBxCh,0
975,Smek T,100 Years,0ANR93LVJJ4QK6IKU5NtqP,0
976,KAROL G,Bebesita,4smtrzrAIiN4mAZaRebtD8,0
977,Tau Alpha Beta,Happy New Year,3v0rxEhefi2WzM77QUXLTI,0
978,KAROL G,Mi Cama,2jXDqPAfdoLgjflEqi4HlV,0
979,Xxaayy4x,New Yearz Freestyle,3VY5AvzaqdGVUPsus18Bai,0
980,KAROL G,Hello,7olzWhOTjY5p9pJZ4jH8ny,0
981,Aney F.,Turn It On - Violin 2022 Radio Edit,2Mf0iVgJW6ByZndk58iAm6,0
982,KAROL G,A Ella,3bOqQITVHotU401VTpQp1s,0
983,ABBA,Happy New Year,2Jh2JjMUbPgYPf42S0h8cp,5
984,KAROL G,Culpables,3oTMbsGdE7dzOEGeEZRGiz,0
985,ABBA,Happy New Year,4lN4JH5b9xY2yoqapz5BlO,14
986,KAROL G,Bebesita,1cH8eaAqmhq7tJUYYnOv8S,0
987,Phalarix,50.000 Years Ago,3DqbyBj87dxLKZ9c1T4xd8,0
988,KAROL G,Pineapple,4ZD1dfq9IGNs3MySaACR7P,0
989,THE YELLOW MONKEY,Holy Sea and Sunshine - 2022 Remaster,25zxRo8nrcKu0G3fITjVBK,4
990,KAROL G,"Ay, DiOs Mío!",2aiz5ncs5ZX0xx1lcgSzfG,0
991,Adam Melchor,Light Year,77DuSof6byFKaFeIXktYN6,0
992,KAROL G,A Ella,6EcBxvXZ876cvMRkwA7MCp,0
993,THE YELLOW MONKEY,The Sun Is Burning - 2022 Remaster,10L4lgkOgvyGHcddFWebed,6
994,KAROL G,BICHOTA,5ZrTRwnU0eMFtE8wNVcAu4,0
995,Royal Blues New Town,Blue Monday in the UK 2022,4BjSM0FfFTFPZAYDzpuumf,0
996,KAROL G,Créeme,5n1aVGD0bnCQ6VoVTygyzB,0
997,ABBA,Happy New Year,5kwM5krxMnNycKBNaFVrLY,3
998,KAROL G,"Ay, DiOs Mío!",68rmVWPaGJkMs2wvPwjVkL,0
999,Frank Wizardd,Seven Years After,0QfobC8yGsc08NBisF7QGp,0
